Značka,date,forecast,real
BILLA,2025-01-01,124.74384500000004,119.55826
BILLA,2025-01-02,126.06106187500006,90.574425
BILLA,2025-01-03,120.73886000000005,123.25271500000004
BILLA,2025-01-04,131.51295750000006,96.09193000000002
BILLA,2025-01-05,157.09151888888894,37.14794500000001
BILLA,2025-01-06,107.10429000000003,82.09662500000002
BILLA,2025-01-07,132.93426900000003,109.991935
BILLA,2025-01-08,124.74384500000004,107.39995
BILLA,2025-01-09,126.06106187500006,126.48753999999988
BILLA,2025-01-10,120.73886000000005,95.36168500000008
BILLA,2025-01-11,131.51295750000006,100.58598500000004
BILLA,2025-01-12,157.09151888888894,93.11057000000002
BILLA,2025-01-13,107.10429000000003,86.59325500000004
BILLA,2025-01-14,132.93426900000003,81.03884000000005
BILLA,2025-01-15,124.74384500000004,108.851025
BILLA,2025-01-16,126.06106187500006,103.44667499999991
BILLA,2025-01-17,120.73886000000005,116.40458000000002
BILLA,2025-01-18,131.51295750000006,101.55145499999996
BILLA,2025-01-19,157.09151888888894,103.51375
BILLA,2025-01-20,107.10429000000003,73.18758000000001
BILLA,2025-01-21,132.93426900000003,69.39262000000004
BILLA,2025-01-22,124.74384500000004,82.76478000000002
BILLA,2025-01-23,126.06106187500006,68.081835
BILLA,2025-01-24,120.73886000000005,83.20466499999998
BILLA,2025-01-25,131.51295750000006,82.62749000000001
BILLA,2025-01-26,157.09151888888894,61.37588999999997
BILLA,2025-01-27,107.10429000000003,68.44235000000006
BILLA,2025-01-28,132.93426900000003,77.30472499999998
BILLA,2025-01-29,124.74384500000004,90.49653499999992
BILLA,2025-01-30,126.06106187500006,77.25772499999998
BILLA,2025-01-31,120.73886000000005,86.634545
BILLA,2025-02-01,130.69496562500004,108.202015
BILLA,2025-02-02,130.27672250000003,124.935
BILLA,2025-02-03,110.20904875000004,82.56085499999998
BILLA,2025-02-04,134.4349300000001,90.337325
BILLA,2025-02-05,119.73463437500006,86.19905000000006
BILLA,2025-02-06,121.0755177777778,90.05378499999995
BILLA,2025-02-07,126.47836875000009,106.60915000000004
BILLA,2025-02-08,130.69496562500004,95.53023499999996
BILLA,2025-02-09,130.27672250000003,87.11381499999996
BILLA,2025-02-10,110.20904875000004,74.44102499999998
BILLA,2025-02-11,134.4349300000001,80.19674999999997
BILLA,2025-02-12,119.73463437500006,83.26555499999994
BILLA,2025-02-13,121.0755177777778,97.75989500000004
BILLA,2025-02-14,126.47836875000009,91.53579999999997
BILLA,2025-02-15,130.69496562500004,82.21965499999997
BILLA,2025-02-16,130.27672250000003,85.52427499999999
BILLA,2025-02-17,110.20904875000004,79.87941999999998
BILLA,2025-02-18,134.4349300000001,74.95421499999999
BILLA,2025-02-19,119.73463437500006,81.35405999999996
BILLA,2025-02-20,121.0755177777778,81.93354499999997
BILLA,2025-02-21,126.47836875000009,92.00695000000002
BILLA,2025-02-22,130.69496562500004,94.00269
BILLA,2025-02-23,130.27672250000003,77.11952
BILLA,2025-02-24,110.20904875000004,80.58856499999997
BILLA,2025-02-25,134.4349300000001,88.36822499999995
BILLA,2025-02-26,119.73463437500006,101.97014500000004
BILLA,2025-02-27,121.0755177777778,88.95989500000002
BILLA,2025-02-28,126.47836875000009,79.35677499999997
BILLA,2025-03-01,90.28269611111114,98.01342999999996
BILLA,2025-03-02,88.47400000000002,94.95063499999996
BILLA,2025-03-03,83.70120812500002,76.68769999999995
BILLA,2025-03-04,100.19109125000004,85.03798
BILLA,2025-03-05,89.82525277777782,79.83215999999993
BILLA,2025-03-06,83.4139316666667,67.31838000000005
BILLA,2025-03-07,90.78605150000004,67.22787499999997
BILLA,2025-03-08,90.28269611111114,57.03387499999999
BILLA,2025-03-09,88.47400000000002,57.08648
BILLA,2025-03-10,83.70120812500002,44.80211999999999
BILLA,2025-03-11,100.19109125000004,122.92601500000008
BILLA,2025-03-12,89.82525277777782,89.45920000000001
BILLA,2025-03-13,83.4139316666667,97.851405
BILLA,2025-03-14,90.78605150000004,88.51233500000002
BILLA,2025-03-15,90.28269611111114,123.29888999999996
BILLA,2025-03-16,88.47400000000002,123.31135999999998
BILLA,2025-03-17,83.70120812500002,90.13527000000002
BILLA,2025-03-18,100.19109125000004,94.61069500000008
BILLA,2025-03-19,89.82525277777782,67.97561000000003
BILLA,2025-03-20,83.4139316666667,83.97479000000001
BILLA,2025-03-21,90.78605150000004,73.93330000000002
BILLA,2025-03-22,90.28269611111114,93.71803499999996
BILLA,2025-03-23,88.47400000000002,84.76805499999998
BILLA,2025-03-24,83.70120812500002,90.15005500000002
BILLA,2025-03-25,100.19109125000004,76.20025500000003
BILLA,2025-03-26,89.82525277777782,84.09525500000001
BILLA,2025-03-27,83.4139316666667,77.118355
BILLA,2025-03-28,90.78605150000004,78.56591000000003
BILLA,2025-03-29,90.28269611111114,80.84906499999998
BILLA,2025-03-30,88.47400000000002,77.44435
BILLA,2025-03-31,83.70120812500002,76.18390499999998
BILLA,2025-04-01,82.05530166666668,104.45307500000004
BILLA,2025-04-02,82.57464625000001,85.37025000000001
BILLA,2025-04-03,82.65518937500002,89.20926500000004
BILLA,2025-04-04,76.88049875000002,85.78557500000001
BILLA,2025-04-05,85.2541127777778,82.03989500000002
BILLA,2025-04-06,90.86028555555558,82.74311000000002
BILLA,2025-04-07,83.66639222222223,82.06058000000003
BILLA,2025-04-08,82.05530166666668,101.57648000000002
BILLA,2025-04-09,82.57464625000001,99.95273
BILLA,2025-04-10,82.65518937500002,101.89126999999998
BILLA,2025-04-11,76.88049875000002,79.79685999999998
BILLA,2025-04-12,85.2541127777778,74.97140499999999
BILLA,2025-04-13,90.86028555555558,78.53198999999998
BILLA,2025-04-14,83.66639222222223,79.91579499999999
BILLA,2025-04-15,82.05530166666668,100.95876
BILLA,2025-04-16,82.57464625000001,77.99602
BILLA,2025-04-17,82.65518937500002,78.05991000000002
BILLA,2025-04-18,76.88049875000002,104.22538500000005
BILLA,2025-04-19,85.2541127777778,67.32943
BILLA,2025-04-20,90.86028555555558,81.33397500000001
BILLA,2025-04-21,83.66639222222223,82.86946500000002
BILLA,2025-04-22,82.05530166666668,93.11574499999998
BILLA,2025-04-23,82.57464625000001,88.74427500000003
BILLA,2025-04-24,82.65518937500002,94.91862999999996
BILLA,2025-04-25,76.88049875000002,91.378195
BILLA,2025-04-26,85.2541127777778,73.49492000000004
BILLA,2025-04-27,90.86028555555558,90.17237000000004
BILLA,2025-04-28,83.66639222222223,83.96738000000003
BILLA,2025-04-29,82.05530166666668,65.10902
BILLA,2025-04-30,82.57464625000001,81.64757999999995
BILLA,2025-05-01,90.95208055555555,84.174845
BILLA,2025-05-02,84.50833166666668,74.39477500000002
BILLA,2025-05-03,76.88398562500002,96.03004
BILLA,2025-05-04,80.76470625000002,104.53709999999997
BILLA,2025-05-05,66.46256111111113,105.051855
BILLA,2025-05-06,87.80844333333336,94.85290500000008
BILLA,2025-05-07,86.58692550000004,81.33158499999998
BILLA,2025-05-08,90.95208055555555,79.38293
BILLA,2025-05-09,84.50833166666668,77.53052999999997
BILLA,2025-05-10,76.88398562500002,73.03974999999998
BILLA,2025-05-11,80.76470625000002,94.36857499999996
BILLA,2025-05-12,66.46256111111113,81.28243499999998
BILLA,2025-05-13,87.80844333333336,94.29788
BILLA,2025-05-14,86.58692550000004,60.76945500000004
BILLA,2025-05-15,90.95208055555555,85.65521499999996
BILLA,2025-05-16,84.50833166666668,73.84855999999999
BILLA,2025-05-17,76.88398562500002,79.97641499999997
BILLA,2025-05-18,80.76470625000002,68.02598499999999
BILLA,2025-05-19,66.46256111111113,75.37691999999998
BILLA,2025-05-20,87.80844333333336,76.93819999999995
BILLA,2025-05-21,86.58692550000004,66.61474999999996
BILLA,2025-05-22,90.95208055555555,70.80985500000001
BILLA,2025-05-23,84.50833166666668,86.86954499999997
BILLA,2025-05-24,76.88398562500002,79.076495
BILLA,2025-05-25,80.76470625000002,53.03983499999998
BILLA,2025-05-26,66.46256111111113,93.62852499999993
BILLA,2025-05-27,87.80844333333336,62.276039999999966
BILLA,2025-05-28,86.58692550000004,79.81306500000002
BILLA,2025-05-29,90.95208055555555,65.53042999999997
BILLA,2025-05-30,84.50833166666668,58.37368999999997
BILLA,2025-05-31,76.88398562500002,48.004175
BILLA,2025-06-01,72.35237444444448,118.34809000000004
BILLA,2025-06-02,62.16786937500002,75.760145
BILLA,2025-06-03,81.27165562500004,96.03162999999996
BILLA,2025-06-04,74.14696250000003,70.85742000000002
BILLA,2025-06-05,74.6579188888889,57.974674999999976
BILLA,2025-06-06,68.79679555555558,64.15993000000002
BILLA,2025-06-07,68.77137500000002,60.90359999999999
BILLA,2025-06-08,72.35237444444448,78.34013999999998
BILLA,2025-06-09,62.16786937500002,74.07351499999997
BILLA,2025-06-10,81.27165562500004,70.83697999999995
BILLA,2025-06-11,74.14696250000003,73.93492
BILLA,2025-06-12,74.6579188888889,73.63397499999995
BILLA,2025-06-13,68.79679555555558,59.96921
BILLA,2025-06-14,68.77137500000002,58.85104
BILLA,2025-06-15,72.35237444444448,74.72589999999998
BILLA,2025-06-16,62.16786937500002,81.355515
BILLA,2025-06-17,81.27165562500004,74.17344000000003
BILLA,2025-06-18,74.14696250000003,70.04241999999996
BILLA,2025-06-19,74.6579188888889,61.10317499999995
BILLA,2025-06-20,68.79679555555558,62.01598500000004
BILLA,2025-06-21,68.77137500000002,57.94722499999998
BILLA,2025-06-22,72.35237444444448,63.140435
BILLA,2025-06-23,62.16786937500002,62.17199
BILLA,2025-06-24,81.27165562500004,84.47487999999998
BILLA,2025-06-25,74.14696250000003,62.544635000000014
BILLA,2025-06-26,74.6579188888889,73.57981500000002
BILLA,2025-06-27,68.79679555555558,85.49017
BILLA,2025-06-28,68.77137500000002,69.30933000000002
BILLA,2025-06-29,72.35237444444448,70.45276999999999
BILLA,2025-06-30,62.16786937500002,64.24365
BILLA,2025-07-01,66.8230688888889,61.78872000000002
BILLA,2025-07-02,64.48392611111112,60.52033499999999
BILLA,2025-07-03,61.65098875,55.728800000000014
BILLA,2025-07-04,60.64279000000002,51.527504999999984
BILLA,2025-07-05,64.39416555555556,53.82446000000003
BILLA,2025-07-06,75.61059888888889,63.29060499999998
BILLA,2025-07-07,54.77241949999999,50.34632
BILLA,2025-07-08,66.8230688888889,66.91397000000006
BILLA,2025-07-09,64.48392611111112,55.84735500000003
BILLA,2025-07-10,61.65098875,47.75187499999999
BILLA,2025-07-11,60.64279000000002,53.08718499999999
BILLA,2025-07-12,64.39416555555556,51.94221499999999
BILLA,2025-07-13,75.61059888888889,40.575235
BILLA,2025-07-14,54.77241949999999,61.16241999999998
BILLA,2025-07-15,66.8230688888889,56.09249
BILLA,2025-07-16,64.48392611111112,64.08012999999997
BILLA,2025-07-17,61.65098875,48.62894000000001
BILLA,2025-07-18,60.64279000000002,60.09923499999999
BILLA,2025-07-19,64.39416555555556,56.49932499999999
BILLA,2025-07-20,75.61059888888889,64.55642500000002
BILLA,2025-07-21,54.77241949999999,49.27656999999999
BILLA,2025-07-22,66.8230688888889,52.094365
BILLA,2025-07-23,64.48392611111112,46.59397999999999
BILLA,2025-07-24,61.65098875,42.22590499999999
BILLA,2025-07-25,60.64279000000002,51.33414
BILLA,2025-07-26,64.39416555555556,59.02474000000001
BILLA,2025-07-27,75.61059888888889,40.767705
BILLA,2025-07-28,54.77241949999999,49.36402000000001
BILLA,2025-07-29,66.8230688888889,40.208615
BILLA,2025-07-30,64.48392611111112,42.26452500000001
BILLA,2025-07-31,61.65098875,45.98733499999999
BILLA,2025-08-01,55.86778055555556,53.55693000000002
BILLA,2025-08-02,53.923588888888894,37.33037499999997
BILLA,2025-08-03,56.65620687500002,40.20621499999999
BILLA,2025-08-04,54.23626,40.804855
BILLA,2025-08-05,75.98503944444445,39.926455
BILLA,2025-08-06,67.49305388888891,42.76926999999998
BILLA,2025-08-07,68.17227750000002,38.30877
BILLA,2025-08-08,55.86778055555556,30.744544999999995
BILLA,2025-08-09,53.923588888888894,31.521454999999992
BILLA,2025-08-10,56.65620687500002,33.43642499999999
BILLA,2025-08-11,54.23626,60.31075999999999
BILLA,2025-08-12,75.98503944444445,55.27699999999999
BILLA,2025-08-13,67.49305388888891,53.8066
BILLA,2025-08-14,68.17227750000002,51.91015499999999
BILLA,2025-08-15,55.86778055555556,48.56145000000001
BILLA,2025-08-16,53.923588888888894,52.05406500000001
BILLA,2025-08-17,56.65620687500002,47.29968499999999
BILLA,2025-08-18,54.23626,45.09078
BILLA,2025-08-19,75.98503944444445,45.68844999999998
BILLA,2025-08-20,67.49305388888891,44.71833
BILLA,2025-08-21,68.17227750000002,47.86478999999997
BILLA,2025-08-22,55.86778055555556,48.10095
BILLA,2025-08-23,53.923588888888894,49.66327999999998
BILLA,2025-08-24,56.65620687500002,39.21719499999997
BILLA,2025-08-25,54.23626,38.26481500000001
BILLA,2025-08-26,75.98503944444445,40.94919
BILLA,2025-08-27,67.49305388888891,41.46933000000001
BILLA,2025-08-28,68.17227750000002,38.85019
BILLA,2025-08-29,55.86778055555556,47.18530499999999
BILLA,2025-08-30,53.923588888888894,41.99970499999999
BILLA,2025-08-31,56.65620687500002,38.37747499999999
BILLA,2025-09-01,84.3814222222222,52.78197999999998
BILLA,2025-09-02,112.93879875000002,61.43178499999997
BILLA,2025-09-03,97.83726500000004,66.29410499999997
BILLA,2025-09-04,106.04191687500004,58.447815000000006
BILLA,2025-09-05,98.7503716666667,75.008935
BILLA,2025-09-06,99.32220222222224,65.26507999999998
BILLA,2025-09-07,111.8808438888889,58.065225000000034
BILLA,2025-09-08,84.3814222222222,50.275230000000015
BILLA,2025-09-09,112.93879875000002,51.79796999999999
BILLA,2025-09-10,97.83726500000004,65.96879999999999
BILLA,2025-09-11,106.04191687500004,59.495965000000005
BILLA,2025-09-12,98.7503716666667,60.163754999999966
BILLA,2025-09-13,99.32220222222224,69.43195499999997
BILLA,2025-09-14,111.8808438888889,73.44737
BILLA,2025-09-15,84.3814222222222,79.01656000000004
BILLA,2025-09-16,112.93879875000002,62.84235499999998
BILLA,2025-09-17,97.83726500000004,74.70142499999999
BILLA,2025-09-18,106.04191687500004,76.77859499999997
BILLA,2025-09-19,98.7503716666667,74.121635
BILLA,2025-09-20,99.32220222222224,85.71941999999999
BILLA,2025-09-21,111.8808438888889,54.51327999999999
BILLA,2025-09-22,84.3814222222222,42.87122
BILLA,2025-09-23,112.93879875000002,56.75982999999999
BILLA,2025-09-24,97.83726500000004,78.405425
BILLA,2025-09-25,106.04191687500004,70.45851999999996
BILLA,2025-09-26,98.7503716666667,71.89043999999998
BILLA,2025-09-27,99.32220222222224,67.10820000000004
BILLA,2025-09-28,111.8808438888889,59.07730499999997
BILLA,2025-09-29,84.3814222222222,78.47209000000001
BILLA,2025-09-30,112.93879875000002,65.85918000000002
BILLA,2025-10-01,90.24490944444446,91.6295
BILLA,2025-10-02,84.67885777777781,79.12227000000001
BILLA,2025-10-03,85.91491000000002,95.749675
BILLA,2025-10-04,95.9177975,70.76391500000003
BILLA,2025-10-05,92.66277611111114,85.57260499999997
BILLA,2025-10-06,78.11718111111112,87.250905
BILLA,2025-10-07,107.55772650000002,89.406075
BILLA,2025-10-08,90.24490944444446,73.48564499999996
BILLA,2025-10-09,84.67885777777781,85.66057
BILLA,2025-10-10,85.91491000000002,63.30475
BILLA,2025-10-11,95.9177975,82.15513499999997
BILLA,2025-10-12,92.66277611111114,74.80285499999998
BILLA,2025-10-13,78.11718111111112,86.52980500000002
BILLA,2025-10-14,107.55772650000002,112.8217
BILLA,2025-10-15,90.24490944444446,87.40169500000005
BILLA,2025-10-16,84.67885777777781,95.27973
BILLA,2025-10-17,85.91491000000002,91.2707
BILLA,2025-10-18,95.9177975,94.63147
BILLA,2025-10-19,92.66277611111114,100.08789000000004
BILLA,2025-10-20,78.11718111111112,82.10311000000003
BILLA,2025-10-21,107.55772650000002,82.22333499999999
BILLA,2025-10-22,90.24490944444446,80.96912499999999
BILLA,2025-10-23,84.67885777777781,73.35606499999994
BILLA,2025-10-24,85.91491000000002,77.33718000000002
BILLA,2025-10-25,95.9177975,79.64289499999998
BILLA,2025-10-26,92.66277611111114,70.32349000000004
BILLA,2025-10-27,78.11718111111112,76.92480999999997
BILLA,2025-10-28,107.55772650000002,75.74213999999996
BILLA,2025-10-29,90.24490944444446,72.71966499999996
BILLA,2025-10-30,84.67885777777781,79.38418499999997
BILLA,2025-10-31,85.91491000000002,62.507425
BILLA,2025-11-01,114.12024833333334,111.45330000000004
BILLA,2025-11-02,118.10410187500004,97.96579499999994
BILLA,2025-11-03,96.19366187500005,61.87129500000002
BILLA,2025-11-04,103.47855375000005,81.92643999999999
BILLA,2025-11-05,113.74402222222226,69.62168999999997
BILLA,2025-11-06,107.63866277777778,80.688565
BILLA,2025-11-07,106.7792805555556,80.15012000000002
BILLA,2025-11-08,114.12024833333334,100.30543499999996
BILLA,2025-11-09,118.10410187500004,68.13130500000003
BILLA,2025-11-10,96.19366187500005,81.31877999999999
BILLA,2025-11-11,103.47855375000005,109.343305
BILLA,2025-11-12,113.74402222222226,93.21013500000004
BILLA,2025-11-13,107.63866277777778,116.16751000000008
BILLA,2025-11-14,106.7792805555556,104.22003000000008
BILLA,2025-11-15,114.12024833333334,103.50796000000004
BILLA,2025-11-16,118.10410187500004,91.06437499999998
BILLA,2025-11-17,96.19366187500005,108.06022000000002
BILLA,2025-11-18,103.47855375000005,105.50457000000004
BILLA,2025-11-19,113.74402222222226,108.159625
BILLA,2025-11-20,107.63866277777778,106.82711000000008
BILLA,2025-11-21,106.7792805555556,121.40499000000004
BILLA,2025-11-22,114.12024833333334,102.08448499999996
BILLA,2025-11-23,118.10410187500004,97.632805
BILLA,2025-11-24,96.19366187500005,75.45121999999998
BILLA,2025-11-25,103.47855375000005,83.19245
BILLA,2025-11-26,113.74402222222226,100.31054999999994
BILLA,2025-11-27,107.63866277777778,98.83274
BILLA,2025-11-28,106.7792805555556,94.80649000000004
BILLA,2025-11-29,114.12024833333334,91.16339
BILLA,2025-11-30,118.10410187500004,66.73137499999999
BILLA,2025-12-01,120.54690055555557,98.51833
BILLA,2025-12-02,94.55257888888892,88.36649499999993
BILLA,2025-12-03,124.94588937500004,92.87352499999992
BILLA,2025-12-04,134.18240812500002,107.870345
BILLA,2025-12-05,121.06285722222223,85.84398499999999
BILLA,2025-12-06,143.61976500000003,81.224485
BILLA,2025-12-07,120.37997200000004,82.37166500000001
BILLA,2025-12-08,120.54690055555557,87.05154999999996
BILLA,2025-12-09,94.55257888888892,103.53767500000002
BILLA,2025-12-10,124.94588937500004,98.68642999999992
BILLA,2025-12-11,134.18240812500002,112.2303400000001
BILLA,2025-12-12,121.06285722222223,102.95999999999992
BILLA,2025-12-13,143.61976500000003,92.30579499999996
BILLA,2025-12-14,120.37997200000004,95.556875
BILLA,2025-12-15,120.54690055555557,95.5803
BILLA,2025-12-16,94.55257888888892,106.69763000000006
BILLA,2025-12-17,124.94588937500004,101.14997499999996
BILLA,2025-12-18,134.18240812500002,101.87862000000004
BILLA,2025-12-19,121.06285722222223,106.98330500000004
BILLA,2025-12-20,143.61976500000003,111.76371999999996
BILLA,2025-12-21,120.37997200000004,77.88957999999998
BILLA,2025-12-22,120.54690055555557,162.74055499999997
BILLA,2025-12-23,94.55257888888892,148.15909000000008
BILLA,2025-12-24,124.94588937500004,68.06416999999999
BILLA,2025-12-25,134.18240812500002,115.10153
BILLA,2025-12-26,121.06285722222223,88.5643
BILLA,2025-12-27,143.61976500000003,67.3205
BILLA,2025-12-28,120.37997200000004,65.02009000000002
BILLA,2025-12-29,120.54690055555557,73.155575
BILLA,2025-12-30,94.55257888888892,54.540125
BILLA,2025-12-31,124.94588937500004,88.75498000000003
COOP JEDNOTA,2025-01-01,99.58348111111113,180.52725
COOP JEDNOTA,2025-01-02,101.6540875,158.5018899999999
COOP JEDNOTA,2025-01-03,97.80464625000002,152.53091999999998
COOP JEDNOTA,2025-01-04,64.44698250000002,101.88218000000003
COOP JEDNOTA,2025-01-05,97.72249666666669,92.47998000000004
COOP JEDNOTA,2025-01-06,75.36017000000001,83.96318
COOP JEDNOTA,2025-01-07,78.04732400000002,132.11044999999996
COOP JEDNOTA,2025-01-08,99.58348111111113,91.72355
COOP JEDNOTA,2025-01-09,101.6540875,135.43592000000004
COOP JEDNOTA,2025-01-10,97.80464625000002,155.56776000000002
COOP JEDNOTA,2025-01-11,64.44698250000002,41.52934000000001
COOP JEDNOTA,2025-01-12,97.72249666666669,110.72627
COOP JEDNOTA,2025-01-13,75.36017000000001,89.53303000000005
COOP JEDNOTA,2025-01-14,78.04732400000002,97.18275999999996
COOP JEDNOTA,2025-01-15,99.58348111111113,79.00830999999997
COOP JEDNOTA,2025-01-16,101.6540875,140.95752999999996
COOP JEDNOTA,2025-01-17,97.80464625000002,125.85776
COOP JEDNOTA,2025-01-18,64.44698250000002,30.25778
COOP JEDNOTA,2025-01-19,97.72249666666669,124.70583000000006
COOP JEDNOTA,2025-01-20,75.36017000000001,82.64350000000007
COOP JEDNOTA,2025-01-21,78.04732400000002,59.48091999999999
COOP JEDNOTA,2025-01-22,99.58348111111113,84.68370999999998
COOP JEDNOTA,2025-01-23,101.6540875,142.16148000000004
COOP JEDNOTA,2025-01-24,97.80464625000002,131.09318999999985
COOP JEDNOTA,2025-01-25,64.44698250000002,28.38062
COOP JEDNOTA,2025-01-26,97.72249666666669,146.89912999999996
COOP JEDNOTA,2025-01-27,75.36017000000001,55.872630000000015
COOP JEDNOTA,2025-01-28,78.04732400000002,44.5635
COOP JEDNOTA,2025-01-29,99.58348111111113,60.902460000000005
COOP JEDNOTA,2025-01-30,101.6540875,131.8076100000001
COOP JEDNOTA,2025-01-31,97.80464625000002,155.19068999999993
COOP JEDNOTA,2025-02-01,75.39067375,38.20869
COOP JEDNOTA,2025-02-02,99.122305,84.23864999999998
COOP JEDNOTA,2025-02-03,90.87543125,81.59787000000001
COOP JEDNOTA,2025-02-04,97.70975125,74.09511
COOP JEDNOTA,2025-02-05,103.17505875,81.57285
COOP JEDNOTA,2025-02-06,92.96881333333334,145.02615
COOP JEDNOTA,2025-02-07,106.47532,170.8310099999999
COOP JEDNOTA,2025-02-08,75.39067375,107.75332999999996
COOP JEDNOTA,2025-02-09,99.122305,170.78576000000004
COOP JEDNOTA,2025-02-10,90.87543125,119.73052999999996
COOP JEDNOTA,2025-02-11,97.70975125,136.6392800000001
COOP JEDNOTA,2025-02-12,103.17505875,126.60158999999996
COOP JEDNOTA,2025-02-13,92.96881333333334,135.31973000000016
COOP JEDNOTA,2025-02-14,106.47532,120.52301000000008
COOP JEDNOTA,2025-02-15,75.39067375,67.24391
COOP JEDNOTA,2025-02-16,99.122305,134.89809000000005
COOP JEDNOTA,2025-02-17,90.87543125,128.94501000000008
COOP JEDNOTA,2025-02-18,97.70975125,132.73143000000002
COOP JEDNOTA,2025-02-19,103.17505875,94.15108000000004
COOP JEDNOTA,2025-02-20,92.96881333333334,140.90126999999995
COOP JEDNOTA,2025-02-21,106.47532,111.88838000000004
COOP JEDNOTA,2025-02-22,75.39067375,68.32818000000002
COOP JEDNOTA,2025-02-23,99.122305,119.15343
COOP JEDNOTA,2025-02-24,90.87543125,111.89849000000004
COOP JEDNOTA,2025-02-25,97.70975125,109.47927000000004
COOP JEDNOTA,2025-02-26,103.17505875,145.48947999999993
COOP JEDNOTA,2025-02-27,92.96881333333334,154.34493999999998
COOP JEDNOTA,2025-02-28,106.47532,140.98241000000002
COOP JEDNOTA,2025-03-01,75.39354777777778,78.95906000000002
COOP JEDNOTA,2025-03-02,93.91253333333331,142.33791999999997
COOP JEDNOTA,2025-03-03,84.9102,122.51248
COOP JEDNOTA,2025-03-04,98.9476025,126.39054
COOP JEDNOTA,2025-03-05,103.94825222222224,88.20828999999999
COOP JEDNOTA,2025-03-06,100.29501333333334,119.00171
COOP JEDNOTA,2025-03-07,102.569599,111.94557000000005
COOP JEDNOTA,2025-03-08,75.39354777777778,37.14201000000003
COOP JEDNOTA,2025-03-09,93.91253333333331,93.83550000000004
COOP JEDNOTA,2025-03-10,84.9102,102.49812000000004
COOP JEDNOTA,2025-03-11,98.9476025,116.57043999999988
COOP JEDNOTA,2025-03-12,103.94825222222224,80.95808000000004
COOP JEDNOTA,2025-03-13,100.29501333333334,124.30207999999996
COOP JEDNOTA,2025-03-14,102.569599,118.45505999999992
COOP JEDNOTA,2025-03-15,75.39354777777778,47.71104000000001
COOP JEDNOTA,2025-03-16,93.91253333333331,110.5655
COOP JEDNOTA,2025-03-17,84.9102,101.66576000000003
COOP JEDNOTA,2025-03-18,98.9476025,91.94241000000002
COOP JEDNOTA,2025-03-19,103.94825222222224,105.87476999999996
COOP JEDNOTA,2025-03-20,100.29501333333334,126.67843
COOP JEDNOTA,2025-03-21,102.569599,101.54920000000004
COOP JEDNOTA,2025-03-22,75.39354777777778,30.03565
COOP JEDNOTA,2025-03-23,93.91253333333331,116.03529000000002
COOP JEDNOTA,2025-03-24,84.9102,70.68867
COOP JEDNOTA,2025-03-25,98.9476025,74.21859000000003
COOP JEDNOTA,2025-03-26,103.94825222222224,68.34354000000002
COOP JEDNOTA,2025-03-27,100.29501333333334,191.91964000000004
COOP JEDNOTA,2025-03-28,102.569599,169.5171599999999
COOP JEDNOTA,2025-03-29,75.39354777777778,118.43663000000004
COOP JEDNOTA,2025-03-30,93.91253333333331,191.90325
COOP JEDNOTA,2025-03-31,84.9102,159.64771000000007
COOP JEDNOTA,2025-04-01,87.96921666666668,95.19989
COOP JEDNOTA,2025-04-02,113.029,126.27754000000007
COOP JEDNOTA,2025-04-03,111.4356875,151.34613
COOP JEDNOTA,2025-04-04,104.77156249999996,100.04319
COOP JEDNOTA,2025-04-05,74.23936666666668,82.50233999999996
COOP JEDNOTA,2025-04-06,94.87827,128.67696
COOP JEDNOTA,2025-04-07,93.02724222222224,94.72349999999996
COOP JEDNOTA,2025-04-08,87.96921666666668,124.8468300000001
COOP JEDNOTA,2025-04-09,113.029,71.59842999999998
COOP JEDNOTA,2025-04-10,111.4356875,117.35171
COOP JEDNOTA,2025-04-11,104.77156249999996,75.54923000000004
COOP JEDNOTA,2025-04-12,74.23936666666668,30.3027
COOP JEDNOTA,2025-04-13,94.87827,70.26610000000001
COOP JEDNOTA,2025-04-14,93.02724222222224,62.36093000000002
COOP JEDNOTA,2025-04-15,87.96921666666668,70.19043000000003
COOP JEDNOTA,2025-04-16,113.029,88.75853000000001
COOP JEDNOTA,2025-04-17,111.4356875,77.11961
COOP JEDNOTA,2025-04-18,104.77156249999996,87.94293
COOP JEDNOTA,2025-04-19,74.23936666666668,36.01370000000001
COOP JEDNOTA,2025-04-20,94.87827,47.2054
COOP JEDNOTA,2025-04-21,93.02724222222224,88.37537
COOP JEDNOTA,2025-04-22,87.96921666666668,109.17364999999994
COOP JEDNOTA,2025-04-23,113.029,59.50937
COOP JEDNOTA,2025-04-24,111.4356875,88.84699000000003
COOP JEDNOTA,2025-04-25,104.77156249999996,101.00489000000006
COOP JEDNOTA,2025-04-26,74.23936666666668,35.048400000000015
COOP JEDNOTA,2025-04-27,94.87827,79.52657000000002
COOP JEDNOTA,2025-04-28,93.02724222222224,63.18979000000002
COOP JEDNOTA,2025-04-29,87.96921666666668,36.63292
COOP JEDNOTA,2025-04-30,113.029,20.97648000000001
COOP JEDNOTA,2025-05-01,104.77842111111111,52.60167000000001
COOP JEDNOTA,2025-05-02,100.62265555555555,77.92913999999996
COOP JEDNOTA,2025-05-03,72.66561750000002,25.871129999999997
COOP JEDNOTA,2025-05-04,96.617535,92.27466000000004
COOP JEDNOTA,2025-05-05,82.99934333333334,75.37413000000001
COOP JEDNOTA,2025-05-06,87.87510666666667,57.56849999999999
COOP JEDNOTA,2025-05-07,95.175225,58.17335999999999
COOP JEDNOTA,2025-05-08,104.77842111111111,61.8732
COOP JEDNOTA,2025-05-09,100.62265555555555,74.66097000000005
COOP JEDNOTA,2025-05-10,72.66561750000002,21.034080000000003
COOP JEDNOTA,2025-05-11,96.617535,67.19121000000001
COOP JEDNOTA,2025-05-12,82.99934333333334,54.15051000000004
COOP JEDNOTA,2025-05-13,87.87510666666667,56.24268
COOP JEDNOTA,2025-05-14,95.175225,47.45982000000001
COOP JEDNOTA,2025-05-15,104.77842111111111,105.71121000000008
COOP JEDNOTA,2025-05-16,100.62265555555555,112.68978000000014
COOP JEDNOTA,2025-05-17,72.66561750000002,23.939909999999998
COOP JEDNOTA,2025-05-18,96.617535,79.33877999999999
COOP JEDNOTA,2025-05-19,82.99934333333334,56.494920000000015
COOP JEDNOTA,2025-05-20,87.87510666666667,57.16389000000001
COOP JEDNOTA,2025-05-21,95.175225,38.97005999999999
COOP JEDNOTA,2025-05-22,104.77842111111111,92.15946000000002
COOP JEDNOTA,2025-05-23,100.62265555555555,73.16175
COOP JEDNOTA,2025-05-24,72.66561750000002,10.51821
COOP JEDNOTA,2025-05-25,96.617535,66.01392
COOP JEDNOTA,2025-05-26,82.99934333333334,59.653290000000034
COOP JEDNOTA,2025-05-27,87.87510666666667,46.80372000000001
COOP JEDNOTA,2025-05-28,95.175225,56.09982
COOP JEDNOTA,2025-05-29,104.77842111111111,86.12643000000003
COOP JEDNOTA,2025-05-30,100.62265555555555,93.71094000000004
COOP JEDNOTA,2025-05-31,72.66561750000002,17.366310000000006
COOP JEDNOTA,2025-06-01,100.72289222222224,40.62389000000002
COOP JEDNOTA,2025-06-02,91.98611375000004,37.95542
COOP JEDNOTA,2025-06-03,98.60486000000004,49.965590000000006
COOP JEDNOTA,2025-06-04,110.19679625000002,45.77059000000001
COOP JEDNOTA,2025-06-05,108.72983666666666,93.21867
COOP JEDNOTA,2025-06-06,107.70744111111114,68.19661000000005
COOP JEDNOTA,2025-06-07,78.64758444444448,4.3188
COOP JEDNOTA,2025-06-08,100.72289222222224,99.19692000000002
COOP JEDNOTA,2025-06-09,91.98611375000004,44.87586
COOP JEDNOTA,2025-06-10,98.60486000000004,36.56222999999999
COOP JEDNOTA,2025-06-11,110.19679625000002,30.311820000000004
COOP JEDNOTA,2025-06-12,108.72983666666666,99.15778000000005
COOP JEDNOTA,2025-06-13,107.70744111111114,100.36911999999992
COOP JEDNOTA,2025-06-14,78.64758444444448,38.01089999999999
COOP JEDNOTA,2025-06-15,100.72289222222224,101.24599
COOP JEDNOTA,2025-06-16,91.98611375000004,100.99872000000003
COOP JEDNOTA,2025-06-17,98.60486000000004,76.89771000000002
COOP JEDNOTA,2025-06-18,110.19679625000002,75.19074
COOP JEDNOTA,2025-06-19,108.72983666666666,83.35565
COOP JEDNOTA,2025-06-20,107.70744111111114,83.53989000000004
COOP JEDNOTA,2025-06-21,78.64758444444448,44.369900000000015
COOP JEDNOTA,2025-06-22,100.72289222222224,81.38547000000004
COOP JEDNOTA,2025-06-23,91.98611375000004,68.70587000000002
COOP JEDNOTA,2025-06-24,98.60486000000004,95.60966000000003
COOP JEDNOTA,2025-06-25,110.19679625000002,92.00301000000002
COOP JEDNOTA,2025-06-26,108.72983666666666,95.01876000000009
COOP JEDNOTA,2025-06-27,107.70744111111114,118.85491000000006
COOP JEDNOTA,2025-06-28,78.64758444444448,47.228
COOP JEDNOTA,2025-06-29,100.72289222222224,125.9367799999999
COOP JEDNOTA,2025-06-30,91.98611375000004,90.79138000000002
COOP JEDNOTA,2025-07-01,93.36541,53.74182000000002
COOP JEDNOTA,2025-07-02,97.35912333333334,76.98255000000006
COOP JEDNOTA,2025-07-03,101.457335,139.15410999999995
COOP JEDNOTA,2025-07-04,97.0049375,139.07866
COOP JEDNOTA,2025-07-05,76.52743333333333,114.52890000000006
COOP JEDNOTA,2025-07-06,106.82158888888888,165.94981
COOP JEDNOTA,2025-07-07,93.178439,118.52544000000005
COOP JEDNOTA,2025-07-08,93.36541,112.46867999999988
COOP JEDNOTA,2025-07-09,97.35912333333334,89.35412000000001
COOP JEDNOTA,2025-07-10,101.457335,98.46535
COOP JEDNOTA,2025-07-11,97.0049375,96.04793999999998
COOP JEDNOTA,2025-07-12,76.52743333333333,64.41349999999998
COOP JEDNOTA,2025-07-13,106.82158888888888,88.51911999999996
COOP JEDNOTA,2025-07-14,93.178439,48.65937
COOP JEDNOTA,2025-07-15,93.36541,63.24477
COOP JEDNOTA,2025-07-16,97.35912333333334,63.35343
COOP JEDNOTA,2025-07-17,101.457335,84.89666000000001
COOP JEDNOTA,2025-07-18,97.0049375,96.5129
COOP JEDNOTA,2025-07-19,76.52743333333333,38.6915
COOP JEDNOTA,2025-07-20,106.82158888888888,61.966859999999954
COOP JEDNOTA,2025-07-21,93.178439,60.41379000000001
COOP JEDNOTA,2025-07-22,93.36541,62.15581000000002
COOP JEDNOTA,2025-07-23,97.35912333333334,55.697970000000005
COOP JEDNOTA,2025-07-24,101.457335,79.96773999999999
COOP JEDNOTA,2025-07-25,97.0049375,85.20916000000001
COOP JEDNOTA,2025-07-26,76.52743333333333,39.02670000000001
COOP JEDNOTA,2025-07-27,106.82158888888888,86.79743000000003
COOP JEDNOTA,2025-07-28,93.178439,64.14787000000001
COOP JEDNOTA,2025-07-29,93.36541,47.944460000000014
COOP JEDNOTA,2025-07-30,97.35912333333334,28.22384
COOP JEDNOTA,2025-07-31,101.457335,113.5235100000001
COOP JEDNOTA,2025-08-01,97.63422111111107,96.38334000000006
COOP JEDNOTA,2025-08-02,68.73700444444447,41.01100000000002
COOP JEDNOTA,2025-08-03,91.48776125,108.03123
COOP JEDNOTA,2025-08-04,88.40596875000001,81.96823
COOP JEDNOTA,2025-08-05,95.04893777777778,80.32175000000002
COOP JEDNOTA,2025-08-06,124.66381555555556,77.86439000000003
COOP JEDNOTA,2025-08-07,105.464906,85.40458
COOP JEDNOTA,2025-08-08,97.63422111111107,82.54022999999997
COOP JEDNOTA,2025-08-09,68.73700444444447,31.792900000000014
COOP JEDNOTA,2025-08-10,91.48776125,124.35680000000004
COOP JEDNOTA,2025-08-11,88.40596875000001,49.70199
COOP JEDNOTA,2025-08-12,95.04893777777778,57.09581999999999
COOP JEDNOTA,2025-08-13,124.66381555555556,53.18439
COOP JEDNOTA,2025-08-14,105.464906,82.01657999999999
COOP JEDNOTA,2025-08-15,97.63422111111107,70.84278
COOP JEDNOTA,2025-08-16,68.73700444444447,27.62544
COOP JEDNOTA,2025-08-17,91.48776125,79.64644000000003
COOP JEDNOTA,2025-08-18,88.40596875000001,73.47267999999995
COOP JEDNOTA,2025-08-19,95.04893777777778,70.03942
COOP JEDNOTA,2025-08-20,124.66381555555556,61.49852
COOP JEDNOTA,2025-08-21,105.464906,90.62909000000003
COOP JEDNOTA,2025-08-22,97.63422111111107,82.98112000000002
COOP JEDNOTA,2025-08-23,68.73700444444447,21.280600000000007
COOP JEDNOTA,2025-08-24,91.48776125,84.52932
COOP JEDNOTA,2025-08-25,88.40596875000001,59.36672000000003
COOP JEDNOTA,2025-08-26,95.04893777777778,49.733370000000015
COOP JEDNOTA,2025-08-27,124.66381555555556,66.18018
COOP JEDNOTA,2025-08-28,105.464906,57.86163999999998
COOP JEDNOTA,2025-08-29,97.63422111111107,97.90645
COOP JEDNOTA,2025-08-30,68.73700444444447,41.32630000000002
COOP JEDNOTA,2025-08-31,91.48776125,155.73175999999995
COOP JEDNOTA,2025-09-01,91.5383927777778,68.69095
COOP JEDNOTA,2025-09-02,94.24916,67.74821000000001
COOP JEDNOTA,2025-09-03,101.96200187499998,59.52823000000001
COOP JEDNOTA,2025-09-04,94.48930500000002,73.97047999999997
COOP JEDNOTA,2025-09-05,104.75838333333334,96.76718999999989
COOP JEDNOTA,2025-09-06,85.17591611111112,34.56264000000001
COOP JEDNOTA,2025-09-07,89.24507333333334,79.10225999999997
COOP JEDNOTA,2025-09-08,91.5383927777778,60.143740000000015
COOP JEDNOTA,2025-09-09,94.24916,58.008120000000005
COOP JEDNOTA,2025-09-10,101.96200187499998,66.51709
COOP JEDNOTA,2025-09-11,94.48930500000002,97.99839000000004
COOP JEDNOTA,2025-09-12,104.75838333333334,81.45102999999997
COOP JEDNOTA,2025-09-13,85.17591611111112,27.45381999999999
COOP JEDNOTA,2025-09-14,89.24507333333334,110.78278
COOP JEDNOTA,2025-09-15,91.5383927777778,57.69467999999998
COOP JEDNOTA,2025-09-16,94.24916,50.95023
COOP JEDNOTA,2025-09-17,101.96200187499998,74.64437000000001
COOP JEDNOTA,2025-09-18,94.48930500000002,91.10232999999998
COOP JEDNOTA,2025-09-19,104.75838333333334,84.91080000000005
COOP JEDNOTA,2025-09-20,85.17591611111112,10.1309
COOP JEDNOTA,2025-09-21,89.24507333333334,75.5161
COOP JEDNOTA,2025-09-22,91.5383927777778,54.61337
COOP JEDNOTA,2025-09-23,94.24916,58.83260000000004
COOP JEDNOTA,2025-09-24,101.96200187499998,40.4737
COOP JEDNOTA,2025-09-25,94.48930500000002,107.77924000000002
COOP JEDNOTA,2025-09-26,104.75838333333334,108.58544999999997
COOP JEDNOTA,2025-09-27,85.17591611111112,57.37320000000001
COOP JEDNOTA,2025-09-28,89.24507333333334,117.67826999999996
COOP JEDNOTA,2025-09-29,91.5383927777778,111.65718000000004
COOP JEDNOTA,2025-09-30,94.24916,128.06348999999994
COOP JEDNOTA,2025-10-01,103.3524266666667,96.51354000000002
COOP JEDNOTA,2025-10-02,108.9151188888889,110.01138999999996
COOP JEDNOTA,2025-10-03,99.85833375000004,107.33553000000002
COOP JEDNOTA,2025-10-04,85.7003775,57.12819999999999
COOP JEDNOTA,2025-10-05,101.54353444444446,109.63737000000006
COOP JEDNOTA,2025-10-06,93.79403444444443,80.27229000000004
COOP JEDNOTA,2025-10-07,95.553164,83.82984000000003
COOP JEDNOTA,2025-10-08,103.3524266666667,77.34341
COOP JEDNOTA,2025-10-09,108.9151188888889,158.05495000000002
COOP JEDNOTA,2025-10-10,99.85833375000004,125.31688
COOP JEDNOTA,2025-10-11,85.7003775,78.46411000000002
COOP JEDNOTA,2025-10-12,101.54353444444446,141.85124999999994
COOP JEDNOTA,2025-10-13,93.79403444444443,108.31191000000004
COOP JEDNOTA,2025-10-14,95.553164,93.95991
COOP JEDNOTA,2025-10-15,103.3524266666667,86.93344000000006
COOP JEDNOTA,2025-10-16,108.9151188888889,133.28446
COOP JEDNOTA,2025-10-17,99.85833375000004,120.02892999999992
COOP JEDNOTA,2025-10-18,85.7003775,53.82195
COOP JEDNOTA,2025-10-19,101.54353444444446,120.92964999999997
COOP JEDNOTA,2025-10-20,93.79403444444443,103.95435000000002
COOP JEDNOTA,2025-10-21,95.553164,94.66983000000003
COOP JEDNOTA,2025-10-22,103.3524266666667,77.76735000000001
COOP JEDNOTA,2025-10-23,108.9151188888889,120.94524000000008
COOP JEDNOTA,2025-10-24,99.85833375000004,104.25264999999996
COOP JEDNOTA,2025-10-25,85.7003775,53.465239999999966
COOP JEDNOTA,2025-10-26,101.54353444444446,92.85937
COOP JEDNOTA,2025-10-27,93.79403444444443,93.74784000000004
COOP JEDNOTA,2025-10-28,95.553164,85.75550000000001
COOP JEDNOTA,2025-10-29,103.3524266666667,78.96349000000002
COOP JEDNOTA,2025-10-30,108.9151188888889,113.81669000000004
COOP JEDNOTA,2025-10-31,99.85833375000004,109.13881
COOP JEDNOTA,2025-11-01,53.85359555555556,71.11169999999998
COOP JEDNOTA,2025-11-02,84.393095,112.65279999999996
COOP JEDNOTA,2025-11-03,72.06291125,77.01860000000002
COOP JEDNOTA,2025-11-04,80.22816875000001,55.68059000000001
COOP JEDNOTA,2025-11-05,106.30428222222224,67.54478
COOP JEDNOTA,2025-11-06,100.74834444444446,93.26483
COOP JEDNOTA,2025-11-07,107.59893111111111,83.30203999999999
COOP JEDNOTA,2025-11-08,53.85359555555556,37.53830000000001
COOP JEDNOTA,2025-11-09,84.393095,86.59626000000003
COOP JEDNOTA,2025-11-10,72.06291125,82.49860000000002
COOP JEDNOTA,2025-11-11,80.22816875000001,92.74721
COOP JEDNOTA,2025-11-12,106.30428222222224,73.98637000000004
COOP JEDNOTA,2025-11-13,100.74834444444446,98.96886000000003
COOP JEDNOTA,2025-11-14,107.59893111111111,91.49178
COOP JEDNOTA,2025-11-15,53.85359555555556,32.59350000000002
COOP JEDNOTA,2025-11-16,84.393095,93.91876000000003
COOP JEDNOTA,2025-11-17,72.06291125,75.10364
COOP JEDNOTA,2025-11-18,80.22816875000001,58.72847000000002
COOP JEDNOTA,2025-11-19,106.30428222222224,53.99609000000001
COOP JEDNOTA,2025-11-20,100.74834444444446,94.12663
COOP JEDNOTA,2025-11-21,107.59893111111111,88.04358999999995
COOP JEDNOTA,2025-11-22,53.85359555555556,29.710900000000013
COOP JEDNOTA,2025-11-23,84.393095,87.66929999999999
COOP JEDNOTA,2025-11-24,72.06291125,123.43492000000002
COOP JEDNOTA,2025-11-25,80.22816875000001,100.33430000000008
COOP JEDNOTA,2025-11-26,106.30428222222224,112.58759999999992
COOP JEDNOTA,2025-11-27,100.74834444444446,136.4283000000001
COOP JEDNOTA,2025-11-28,107.59893111111111,151.3967000000002
COOP JEDNOTA,2025-11-29,53.85359555555556,119.67550000000004
COOP JEDNOTA,2025-11-30,84.393095,208.1768
COOP JEDNOTA,2025-12-01,101.98662777777778,150.33931
COOP JEDNOTA,2025-12-02,87.70442111111112,148.28880999999998
COOP JEDNOTA,2025-12-03,103.3537125,128.10706000000002
COOP JEDNOTA,2025-12-04,111.5767075,170.74052000000006
COOP JEDNOTA,2025-12-05,103.9141,131.79527999999996
COOP JEDNOTA,2025-12-06,65.79480333333333,86.75270000000003
COOP JEDNOTA,2025-12-07,108.839832,206.64849999999996
COOP JEDNOTA,2025-12-08,101.98662777777778,115.4771
COOP JEDNOTA,2025-12-09,87.70442111111112,114.38338
COOP JEDNOTA,2025-12-10,103.3537125,106.83950000000004
COOP JEDNOTA,2025-12-11,111.5767075,120.61667
COOP JEDNOTA,2025-12-12,103.9141,129.66093999999998
COOP JEDNOTA,2025-12-13,65.79480333333333,103.73230000000008
COOP JEDNOTA,2025-12-14,108.839832,165.27582999999996
COOP JEDNOTA,2025-12-15,101.98662777777778,83.00846000000003
COOP JEDNOTA,2025-12-16,87.70442111111112,101.77317
COOP JEDNOTA,2025-12-17,103.3537125,100.85939000000003
COOP JEDNOTA,2025-12-18,111.5767075,80.02591
COOP JEDNOTA,2025-12-19,103.9141,102.17540000000008
COOP JEDNOTA,2025-12-20,65.79480333333333,47.80650000000001
COOP JEDNOTA,2025-12-21,108.839832,116.86673999999996
COOP JEDNOTA,2025-12-22,101.98662777777778,129.47134999999997
COOP JEDNOTA,2025-12-23,87.70442111111112,148.76409999999998
COOP JEDNOTA,2025-12-24,103.3537125,56.77130000000001
COOP JEDNOTA,2025-12-25,111.5767075,81.27470999999998
COOP JEDNOTA,2025-12-26,103.9141,91.51303999999998
COOP JEDNOTA,2025-12-27,65.79480333333333,72.02914000000004
COOP JEDNOTA,2025-12-28,108.839832,165.19824999999994
COOP JEDNOTA,2025-12-29,101.98662777777778,112.62389
COOP JEDNOTA,2025-12-30,87.70442111111112,74.52418000000002
COOP JEDNOTA,2025-12-31,103.3537125,71.92232000000001
KAUFLAND,2025-01-01,174.11465226191356,364.0838199999999
KAUFLAND,2025-01-02,234.67131314418944,315.7338900000001
KAUFLAND,2025-01-03,230.5266897067104,214.26514
KAUFLAND,2025-01-04,185.8972703466121,177.5207799999999
KAUFLAND,2025-01-05,219.2812983185017,196.0603699999999
KAUFLAND,2025-01-06,187.8294996065761,158.5347799999999
KAUFLAND,2025-01-07,85.85725914562411,45.94010000000001
KAUFLAND,2025-01-08,195.9389682356394,231.0209099999998
KAUFLAND,2025-01-09,209.48060512198768,216.5655999999999
KAUFLAND,2025-01-10,187.8787446298801,177.4871199999999
KAUFLAND,2025-01-11,156.21888212085125,163.89189
KAUFLAND,2025-01-12,187.7309603032084,144.0654599999999
KAUFLAND,2025-01-13,154.9333677450476,104.21255
KAUFLAND,2025-01-14,67.01860894036773,26.83500000000001
KAUFLAND,2025-01-15,212.7122493889217,195.3645199999999
KAUFLAND,2025-01-16,199.36142059796703,164.5690099999999
KAUFLAND,2025-01-17,163.86955279006125,157.0771699999999
KAUFLAND,2025-01-18,137.95350371900932,111.11131
KAUFLAND,2025-01-19,169.21437500867364,110.50264
KAUFLAND,2025-01-20,135.10749963565834,82.40739000000002
KAUFLAND,2025-01-21,57.48406513862422,18.4579
KAUFLAND,2025-01-22,208.89001392383415,186.28086
KAUFLAND,2025-01-23,187.4906688057609,161.2731599999999
KAUFLAND,2025-01-24,149.83974408428335,135.0435099999999
KAUFLAND,2025-01-25,127.15658442155006,115.5525
KAUFLAND,2025-01-26,155.24360088870708,116.31954
KAUFLAND,2025-01-27,122.9719807863019,83.65056000000001
KAUFLAND,2025-01-28,52.27165300075179,23.7542
KAUFLAND,2025-01-29,198.00173193959532,201.3706999999997
KAUFLAND,2025-01-30,176.55290875639213,165.7147099999999
KAUFLAND,2025-01-31,141.2065385985981,144.80856
KAUFLAND,2025-02-01,114.17968808957276,121.15772
KAUFLAND,2025-02-02,140.80742972949497,146.56777
KAUFLAND,2025-02-03,111.68678288463155,104.43568
KAUFLAND,2025-02-04,47.84732339941028,26.8609
KAUFLAND,2025-02-05,181.8388151926933,207.4009899999998
KAUFLAND,2025-02-06,161.45454241151205,202.8726599999999
KAUFLAND,2025-02-07,129.08741805439726,151.06249
KAUFLAND,2025-02-08,110.86244125239824,122.02859
KAUFLAND,2025-02-09,136.5736444303173,97.27101000000002
KAUFLAND,2025-02-10,108.29683415060845,90.20359
KAUFLAND,2025-02-11,46.45775428517196,34.1057
KAUFLAND,2025-02-12,177.04321347438952,205.88283
KAUFLAND,2025-02-13,158.37661257177336,208.4808799999999
KAUFLAND,2025-02-14,126.08841761320528,143.68826
KAUFLAND,2025-02-15,110.17461687064196,95.77571
KAUFLAND,2025-02-16,136.61748897442138,127.1890799999999
KAUFLAND,2025-02-17,108.7031450471369,94.53265
KAUFLAND,2025-02-18,46.495128543535365,30.69540000000001
KAUFLAND,2025-02-19,178.08154329120663,167.3283699999999
KAUFLAND,2025-02-20,158.9603189375742,157.56817
KAUFLAND,2025-02-21,127.44234995247426,139.61181
KAUFLAND,2025-02-22,109.31645317480002,110.50294
KAUFLAND,2025-02-23,133.92127957645505,120.13068
KAUFLAND,2025-02-24,105.92510630831411,90.84386
KAUFLAND,2025-02-25,45.36518600996496,30.71690000000001
KAUFLAND,2025-02-26,173.77915512957958,211.0974499999998
KAUFLAND,2025-02-27,154.75703311899488,181.5232499999999
KAUFLAND,2025-02-28,124.62603900970016,126.3750199999999
KAUFLAND,2025-03-01,123.11555667419816,152.03228
KAUFLAND,2025-03-02,140.77439719028982,180.2380999999999
KAUFLAND,2025-03-03,127.07755600282384,120.4549999999999
KAUFLAND,2025-03-04,75.01219545361113,28.749
KAUFLAND,2025-03-05,174.91218126819143,239.7522199999997
KAUFLAND,2025-03-06,163.89472229092576,199.2430899999999
KAUFLAND,2025-03-07,126.4869535076472,182.8339499999999
KAUFLAND,2025-03-08,125.42268167651213,113.84793
KAUFLAND,2025-03-09,145.83603065356684,138.0016699999999
KAUFLAND,2025-03-10,131.4013905473887,132.7841399999999
KAUFLAND,2025-03-11,76.08898823747474,21.9209
KAUFLAND,2025-03-12,177.5418897259022,262.3802499999997
KAUFLAND,2025-03-13,165.28584808482802,227.1730499999998
KAUFLAND,2025-03-14,129.06016377498224,202.0810699999999
KAUFLAND,2025-03-15,127.68781089854654,115.00236
KAUFLAND,2025-03-16,147.11425142894785,114.19232
KAUFLAND,2025-03-17,132.4170219150203,100.71741
KAUFLAND,2025-03-18,76.0466055395721,28.6949
KAUFLAND,2025-03-19,178.8350721805056,183.5204399999999
KAUFLAND,2025-03-20,165.1778023745549,178.8023
KAUFLAND,2025-03-21,131.74231615198607,156.0654999999999
KAUFLAND,2025-03-22,129.8827478145617,117.76392
KAUFLAND,2025-03-23,147.0905100951483,108.3745699999999
KAUFLAND,2025-03-24,130.12394034953442,89.45205000000006
KAUFLAND,2025-03-25,76.62001750490856,22.60650000000001
KAUFLAND,2025-03-26,181.22312778201976,188.7947499999999
KAUFLAND,2025-03-27,163.25803655377268,152.9032599999999
KAUFLAND,2025-03-28,125.66919582188945,127.0747099999999
KAUFLAND,2025-03-29,132.56341184383837,97.56356000000004
KAUFLAND,2025-03-30,149.71039129710118,93.31848999999998
KAUFLAND,2025-03-31,131.12829516122645,77.45545
KAUFLAND,2025-04-01,69.1385866838554,0.0
KAUFLAND,2025-04-02,178.6651456529006,267.2403599999998
KAUFLAND,2025-04-03,160.3219580662655,201.18564
KAUFLAND,2025-04-04,128.75191121934148,152.34854
KAUFLAND,2025-04-05,116.95375799063244,150.99803
KAUFLAND,2025-04-06,158.18432952613273,162.52546
KAUFLAND,2025-04-07,130.7135471098233,138.68209
KAUFLAND,2025-04-08,81.05158792694692,58.45185000000001
KAUFLAND,2025-04-09,187.9305403665184,257.8428299999998
KAUFLAND,2025-04-10,170.52701232889245,305.0913200000001
KAUFLAND,2025-04-11,137.12340236469714,226.66618
KAUFLAND,2025-04-12,121.7380687577212,161.31966
KAUFLAND,2025-04-13,150.69864775449713,152.4908899999999
KAUFLAND,2025-04-14,119.28114443263594,169.9484499999998
KAUFLAND,2025-04-15,74.1485550205205,250.42249
KAUFLAND,2025-04-16,178.12480282814587,214.9861299999999
KAUFLAND,2025-04-17,159.79122099594937,219.3296699999999
KAUFLAND,2025-04-18,133.55456875645848,228.5621899999999
KAUFLAND,2025-04-19,121.15484868357493,128.92939
KAUFLAND,2025-04-20,149.77134987926314,119.0732100000001
KAUFLAND,2025-04-21,119.66197673221006,126.65066
KAUFLAND,2025-04-22,72.04800255451195,112.21762
KAUFLAND,2025-04-23,179.7614019586361,186.0225799999998
KAUFLAND,2025-04-24,164.85638983227037,192.7685
KAUFLAND,2025-04-25,135.94237965479343,179.5623999999999
KAUFLAND,2025-04-26,123.99998968386994,116.07037
KAUFLAND,2025-04-27,158.0739720878123,106.55203
KAUFLAND,2025-04-28,127.37559426837636,120.69862
KAUFLAND,2025-04-29,78.5400219286566,187.04979
KAUFLAND,2025-04-30,185.062167395585,172.2563
KAUFLAND,2025-05-01,157.7607498174827,166.1944399999998
KAUFLAND,2025-05-02,120.14358092654597,195.60283
KAUFLAND,2025-05-03,123.5466664700822,206.79341
KAUFLAND,2025-05-04,140.8868107496669,146.6702099999999
KAUFLAND,2025-05-05,125.01894873433557,103.17453
KAUFLAND,2025-05-06,73.06094055721701,183.6417099999998
KAUFLAND,2025-05-07,175.6623316212332,146.8130399999999
KAUFLAND,2025-05-08,161.86274159372925,150.2768899999999
KAUFLAND,2025-05-09,123.0584033717994,201.9683700000001
KAUFLAND,2025-05-10,124.2043839636141,131.63524
KAUFLAND,2025-05-11,144.87970080767843,202.0035099999999
KAUFLAND,2025-05-12,142.8237710162667,139.3013799999999
KAUFLAND,2025-05-13,87.8554091954181,38.74930000000001
KAUFLAND,2025-05-14,185.8996754919904,212.6894799999998
KAUFLAND,2025-05-15,176.7513772504618,185.04905
KAUFLAND,2025-05-16,131.58426904851072,142.30559
KAUFLAND,2025-05-17,143.09353332687093,175.0240499999999
KAUFLAND,2025-05-18,166.72390806603812,173.5442899999999
KAUFLAND,2025-05-19,148.78764382570728,103.1937399999999
KAUFLAND,2025-05-20,81.7341674784796,55.29259000000002
KAUFLAND,2025-05-21,200.282224132388,175.77805
KAUFLAND,2025-05-22,177.05110312758993,197.0307199999999
KAUFLAND,2025-05-23,153.7523622605678,134.47645
KAUFLAND,2025-05-24,131.5127309715735,149.0436
KAUFLAND,2025-05-25,156.04390248204086,167.40091
KAUFLAND,2025-05-26,136.3214290801898,103.98584
KAUFLAND,2025-05-27,83.05111836009867,17.271
KAUFLAND,2025-05-28,188.78745815942816,210.2092999999998
KAUFLAND,2025-05-29,173.83154390314277,188.5216099999999
KAUFLAND,2025-05-30,139.70594509812787,141.5631099999999
KAUFLAND,2025-05-31,133.25561197214165,86.86504000000001
KAUFLAND,2025-06-01,133.65801897014825,139.67812
KAUFLAND,2025-06-02,105.7419728235639,89.51398000000007
KAUFLAND,2025-06-03,45.489880188118605,32.88170000000001
KAUFLAND,2025-06-04,172.92914421428154,183.13809
KAUFLAND,2025-06-05,153.46299028408674,160.5494699999999
KAUFLAND,2025-06-06,123.07025684088698,128.7458100000001
KAUFLAND,2025-06-07,105.6720355468885,109.02509
KAUFLAND,2025-06-08,132.27765808224754,138.5049799999999
KAUFLAND,2025-06-09,106.56892699143415,86.97842000000003
KAUFLAND,2025-06-10,45.40515347387348,30.5087
KAUFLAND,2025-06-11,172.8093790888012,179.7510499999999
KAUFLAND,2025-06-12,155.55936513901878,150.8249699999999
KAUFLAND,2025-06-13,123.88534007949607,116.48088
KAUFLAND,2025-06-14,106.51748952572852,83.62742000000003
KAUFLAND,2025-06-15,130.50412451508828,115.7348999999999
KAUFLAND,2025-06-16,103.186190009896,100.24038
KAUFLAND,2025-06-17,44.43115523242773,34.12700000000002
KAUFLAND,2025-06-18,169.97164848861303,183.7756499999998
KAUFLAND,2025-06-19,151.5173203207301,155.3261399999999
KAUFLAND,2025-06-20,123.71753191444736,128.14851
KAUFLAND,2025-06-21,106.66642465398844,85.1376
KAUFLAND,2025-06-22,130.9065067863914,89.71074999999999
KAUFLAND,2025-06-23,102.54050739098354,92.63301999999996
KAUFLAND,2025-06-24,44.15407390146874,30.43278
KAUFLAND,2025-06-25,168.48931454056557,177.6043999999999
KAUFLAND,2025-06-26,149.9297218809239,158.5706
KAUFLAND,2025-06-27,121.14340960660604,148.9487399999999
KAUFLAND,2025-06-28,105.43264205937,104.01156
KAUFLAND,2025-06-29,129.74823196117867,104.75887
KAUFLAND,2025-06-30,103.42163387210158,95.94565999999996
KAUFLAND,2025-07-01,44.56748066369688,36.29493
KAUFLAND,2025-07-02,170.27158902883158,186.8845099999998
KAUFLAND,2025-07-03,151.33113035207904,154.4643499999999
KAUFLAND,2025-07-04,123.08606585888866,132.05846
KAUFLAND,2025-07-05,107.6457587712771,113.7140399999999
KAUFLAND,2025-07-06,131.60735039743722,114.0157899999999
KAUFLAND,2025-07-07,106.0982967676621,99.92971
KAUFLAND,2025-07-08,46.16024211993916,26.11511999999999
KAUFLAND,2025-07-09,178.02305380880765,241.5393399999997
KAUFLAND,2025-07-10,159.4238725033055,156.4825899999999
KAUFLAND,2025-07-11,127.92975437915798,141.4274499999999
KAUFLAND,2025-07-12,110.51129610076448,119.5338499999999
KAUFLAND,2025-07-13,135.6975201536133,120.04561
KAUFLAND,2025-07-14,107.07518061036568,84.36529000000002
KAUFLAND,2025-07-15,45.9034266685061,35.3901
KAUFLAND,2025-07-16,177.85144017974375,199.8899399999998
KAUFLAND,2025-07-17,161.71831212865328,164.8045799999998
KAUFLAND,2025-07-18,130.84939355050076,146.3257099999999
KAUFLAND,2025-07-19,112.06905310107788,112.8433799999999
KAUFLAND,2025-07-20,137.304765694098,128.5413599999999
KAUFLAND,2025-07-21,108.24161899090755,94.00973000000003
KAUFLAND,2025-07-22,46.883908172395216,45.55970000000001
KAUFLAND,2025-07-23,180.4049057496216,183.78747
KAUFLAND,2025-07-24,161.24405047952942,156.5330399999999
KAUFLAND,2025-07-25,129.67996794411002,138.6292
KAUFLAND,2025-07-26,111.94287458995892,120.43198
KAUFLAND,2025-07-27,140.6379163384842,151.55657
KAUFLAND,2025-07-28,111.88334627439528,111.14149
KAUFLAND,2025-07-29,47.965457431788,26.5896
KAUFLAND,2025-07-30,185.07517626313347,182.4819199999999
KAUFLAND,2025-07-31,166.2272191692013,143.4052300000001
KAUFLAND,2025-08-01,125.36968994140624,119.0852599999999
KAUFLAND,2025-08-02,127.9859390258789,74.38842000000002
KAUFLAND,2025-08-03,160.67210388183594,97.27376000000004
KAUFLAND,2025-08-04,130.2210693359375,56.40904999999999
KAUFLAND,2025-08-05,65.87653350830078,0.0
KAUFLAND,2025-08-06,192.330078125,224.39765
KAUFLAND,2025-08-07,159.74667358398438,172.2369899999998
KAUFLAND,2025-08-08,112.26316833496094,143.4513000000001
KAUFLAND,2025-08-09,106.2219696044922,110.4405
KAUFLAND,2025-08-10,124.7924346923828,157.2222099999999
KAUFLAND,2025-08-11,111.42142486572266,97.81278
KAUFLAND,2025-08-12,47.847164154052734,18.24284
KAUFLAND,2025-08-13,171.46876525878906,203.24988
KAUFLAND,2025-08-14,153.63223266601562,166.36829
KAUFLAND,2025-08-15,112.6572036743164,128.5130699999999
KAUFLAND,2025-08-16,99.12183380126952,100.86419
KAUFLAND,2025-08-17,124.77942657470705,119.6416199999999
KAUFLAND,2025-08-18,109.30337524414062,92.21248
KAUFLAND,2025-08-19,47.27464294433594,26.3817
KAUFLAND,2025-08-20,168.4435577392578,227.8598499999998
KAUFLAND,2025-08-21,143.48802185058594,153.7273099999999
KAUFLAND,2025-08-22,107.19010162353516,160.34059
KAUFLAND,2025-08-23,101.0261001586914,111.80635
KAUFLAND,2025-08-24,130.25498962402344,115.05501
KAUFLAND,2025-08-25,108.3222427368164,83.58226000000005
KAUFLAND,2025-08-26,60.01203155517578,42.2844
KAUFLAND,2025-08-27,176.42649841308594,214.5401299999998
KAUFLAND,2025-08-28,159.65036010742188,173.8100499999999
KAUFLAND,2025-08-29,161.8199005126953,169.75899
KAUFLAND,2025-08-30,156.42776489257812,120.76947
KAUFLAND,2025-08-31,170.29678344726562,150.6086799999998
KAUFLAND,2025-09-01,127.47582113256414,94.30643000000003
KAUFLAND,2025-09-02,66.1949027289236,36.60910000000001
KAUFLAND,2025-09-03,200.7437127171485,228.7529600000001
KAUFLAND,2025-09-04,178.02623518794164,181.7458199999998
KAUFLAND,2025-09-05,137.27159266874204,161.9210199999999
KAUFLAND,2025-09-06,120.35711089530432,149.16672
KAUFLAND,2025-09-07,159.27778939227153,127.8303799999999
KAUFLAND,2025-09-08,120.40828624066134,101.94298
KAUFLAND,2025-09-09,62.24492167168224,22.9896
KAUFLAND,2025-09-10,193.33964888256,300.9053799999998
KAUFLAND,2025-09-11,172.7426292026652,263.4056499999997
KAUFLAND,2025-09-12,134.02227435334592,171.6832499999998
KAUFLAND,2025-09-13,111.95668340152586,109.6269200000001
KAUFLAND,2025-09-14,153.36130490171033,172.1673699999998
KAUFLAND,2025-09-15,115.98450483360894,125.7381799999999
KAUFLAND,2025-09-16,57.95841338710038,17.74339
KAUFLAND,2025-09-17,194.13638399797395,184.45316
KAUFLAND,2025-09-18,172.7695854853033,159.2547499999999
KAUFLAND,2025-09-19,128.27882961131414,128.51271
KAUFLAND,2025-09-20,107.1659152481294,90.13021
KAUFLAND,2025-09-21,144.37439485821264,93.91956000000002
KAUFLAND,2025-09-22,107.93623409064988,71.42538
KAUFLAND,2025-09-23,50.68556274078508,20.98134
KAUFLAND,2025-09-24,191.54081774077176,266.1418099999997
KAUFLAND,2025-09-25,175.34704704586605,237.6933099999998
KAUFLAND,2025-09-26,136.67667133371856,166.57156
KAUFLAND,2025-09-27,117.43612306451384,107.12458
KAUFLAND,2025-09-28,157.28574601875027,122.25346
KAUFLAND,2025-09-29,125.71729800180891,88.92913000000003
KAUFLAND,2025-09-30,68.64449378878203,2.04
KAUFLAND,2025-10-01,162.63832524549446,237.70257
KAUFLAND,2025-10-02,146.425900345068,156.61208
KAUFLAND,2025-10-03,118.07963953384188,161.2326599999999
KAUFLAND,2025-10-04,101.95428766272168,116.29484
KAUFLAND,2025-10-05,125.26241806656384,139.9798299999999
KAUFLAND,2025-10-06,99.96271898477578,90.61156000000004
KAUFLAND,2025-10-07,42.68871069515893,2.28
KAUFLAND,2025-10-08,164.4396113338308,220.0964999999999
KAUFLAND,2025-10-09,146.46982157569514,219.6186599999999
KAUFLAND,2025-10-10,118.48427639492664,144.0687599999999
KAUFLAND,2025-10-11,101.89436586063356,135.9386399999999
KAUFLAND,2025-10-12,127.25180972228114,128.5398
KAUFLAND,2025-10-13,102.02480940692465,76.50811000000003
KAUFLAND,2025-10-14,44.27545197119298,2.94
KAUFLAND,2025-10-15,170.6930351454272,235.1276299999999
KAUFLAND,2025-10-16,153.15268158911084,186.74941
KAUFLAND,2025-10-17,123.58850818954984,150.5023699999999
KAUFLAND,2025-10-18,107.51585661780076,125.02157
KAUFLAND,2025-10-19,135.84783462993943,155.8752
KAUFLAND,2025-10-20,108.78030233055966,90.5852
KAUFLAND,2025-10-21,46.74296027307026,2.1901
KAUFLAND,2025-10-22,177.479382379291,214.30233
KAUFLAND,2025-10-23,158.10105262753268,198.36752
KAUFLAND,2025-10-24,129.2064452043254,158.23523
KAUFLAND,2025-10-25,113.52030592072734,130.49747
KAUFLAND,2025-10-26,141.0955048859184,119.28341
KAUFLAND,2025-10-27,113.23814997362786,92.69949000000004
KAUFLAND,2025-10-28,48.53672445905495,1.98
KAUFLAND,2025-10-29,185.8512000231353,205.3583299999997
KAUFLAND,2025-10-30,166.78779357370547,174.7603899999999
KAUFLAND,2025-10-31,136.13174568170345,153.5055299999999
KAUFLAND,2025-11-01,116.39970093910672,157.10613
KAUFLAND,2025-11-02,155.82252082498238,171.4120399999999
KAUFLAND,2025-11-03,125.70936299790549,109.54649
KAUFLAND,2025-11-04,79.46540374255552,36.13506000000001
KAUFLAND,2025-11-05,204.2950341337516,170.2104799999999
KAUFLAND,2025-11-06,189.1421463266672,197.0754699999998
KAUFLAND,2025-11-07,157.30965721758432,160.67687
KAUFLAND,2025-11-08,142.86478369402286,154.17862
KAUFLAND,2025-11-09,180.8330387573825,144.17227
KAUFLAND,2025-11-10,150.4035873835582,112.06488
KAUFLAND,2025-11-11,100.65188753169522,50.57625
KAUFLAND,2025-11-12,224.44266377697,301.7630800000002
KAUFLAND,2025-11-13,208.97409411734324,295.3177699999997
KAUFLAND,2025-11-14,176.19446878499124,269.09961
KAUFLAND,2025-11-15,158.81264849958805,237.66938
KAUFLAND,2025-11-16,196.58357688242765,253.36524
KAUFLAND,2025-11-17,165.06951560093572,206.58863
KAUFLAND,2025-11-18,121.69422920038552,79.80225000000002
KAUFLAND,2025-11-19,250.4800637506216,302.3735999999998
KAUFLAND,2025-11-20,230.73277292692427,315.3730400000001
KAUFLAND,2025-11-21,197.95513657549185,248.32918
KAUFLAND,2025-11-22,184.3776627847058,195.0825199999999
KAUFLAND,2025-11-23,224.32442550116,251.1308799999999
KAUFLAND,2025-11-24,194.11108054856837,194.1127
KAUFLAND,2025-11-25,138.97506393786335,74.50415000000001
KAUFLAND,2025-11-26,263.9272878322081,306.3123700000002
KAUFLAND,2025-11-27,250.34653954762572,273.1129700000002
KAUFLAND,2025-11-28,219.53930713539964,252.7159
KAUFLAND,2025-11-29,203.82089417507456,192.8944899999999
KAUFLAND,2025-11-30,241.1068811624593,210.3080199999999
KAUFLAND,2025-12-01,189.7998962402344,171.01987
KAUFLAND,2025-12-02,161.7394561767578,147.75081
KAUFLAND,2025-12-03,235.1768493652344,244.7188899999999
KAUFLAND,2025-12-04,202.0043792724609,241.3747999999999
KAUFLAND,2025-12-05,170.59722900390625,179.9871699999999
KAUFLAND,2025-12-06,186.17465209960935,164.3187699999999
KAUFLAND,2025-12-07,206.1876220703125,183.3370999999999
KAUFLAND,2025-12-08,178.71080017089844,149.79475
KAUFLAND,2025-12-09,173.57437133789062,110.38395
KAUFLAND,2025-12-10,226.5096740722656,253.54654
KAUFLAND,2025-12-11,182.64016723632807,237.4517199999998
KAUFLAND,2025-12-12,187.36703491210935,206.6243899999998
KAUFLAND,2025-12-13,183.58609008789065,174.66231
KAUFLAND,2025-12-14,199.977783203125,177.52691
KAUFLAND,2025-12-15,181.6894989013672,126.7030199999999
KAUFLAND,2025-12-16,199.9678192138672,133.84498
KAUFLAND,2025-12-17,243.501708984375,254.9333999999999
KAUFLAND,2025-12-18,223.1992950439453,250.9724099999998
KAUFLAND,2025-12-19,219.73077392578125,266.4269899999998
KAUFLAND,2025-12-20,211.79269409179688,225.8526599999998
KAUFLAND,2025-12-21,224.5334930419922,195.4315899999999
KAUFLAND,2025-12-22,177.5548095703125,176.75187
KAUFLAND,2025-12-23,130.98208618164062,143.38428
KAUFLAND,2025-12-24,173.46485900878906,165.46054
KAUFLAND,2025-12-25,156.00181579589844,91.14350000000002
KAUFLAND,2025-12-26,222.0066680908203,328.4249299999998
KAUFLAND,2025-12-27,277.7911682128906,364.4274699999999
KAUFLAND,2025-12-28,306.8424987792969,250.3422899999999
KAUFLAND,2025-12-29,238.80462646484372,244.5282399999999
KAUFLAND,2025-12-30,124.25392150878906,163.1446599999999
KAUFLAND,2025-12-31,205.5659637451172,155.85436
LIDL,2025-01-01,223.19412611111096,395.1506999999997
LIDL,2025-01-02,257.3348687499998,252.48489999999984
LIDL,2025-01-03,200.79164374999985,218.24109999999988
LIDL,2025-01-04,195.0014318749999,90.56340000000004
LIDL,2025-01-05,262.1650266666665,177.49839999999986
LIDL,2025-01-06,215.99883049999997,231.3911999999997
LIDL,2025-01-07,170.80171499999992,207.73999999999967
LIDL,2025-01-08,223.19412611111096,243.56639999999973
LIDL,2025-01-09,257.3348687499998,219.61559999999983
LIDL,2025-01-10,200.79164374999985,178.58269999999996
LIDL,2025-01-11,195.0014318749999,185.88189999999997
LIDL,2025-01-12,262.1650266666665,195.22469999999976
LIDL,2025-01-13,215.99883049999997,144.4621999999999
LIDL,2025-01-14,170.80171499999992,110.00690000000002
LIDL,2025-01-15,223.19412611111096,204.11619999999976
LIDL,2025-01-16,257.3348687499998,220.22389999999973
LIDL,2025-01-17,200.79164374999985,204.44099999999983
LIDL,2025-01-18,195.0014318749999,165.16990000000004
LIDL,2025-01-19,262.1650266666665,231.32489999999976
LIDL,2025-01-20,215.99883049999997,142.38469999999998
LIDL,2025-01-21,170.80171499999992,106.11940000000004
LIDL,2025-01-22,223.19412611111096,190.2185999999999
LIDL,2025-01-23,257.3348687499998,211.51249999999985
LIDL,2025-01-24,200.79164374999985,203.09869999999984
LIDL,2025-01-25,195.0014318749999,119.3009
LIDL,2025-01-26,262.1650266666665,226.5960999999998
LIDL,2025-01-27,215.99883049999997,151.35469999999995
LIDL,2025-01-28,170.80171499999992,173.65849999999983
LIDL,2025-01-29,223.19412611111096,190.43309999999977
LIDL,2025-01-30,257.3348687499998,210.31849999999963
LIDL,2025-01-31,200.79164374999985,182.60929999999976
LIDL,2025-02-01,158.9050749999999,211.2522999999997
LIDL,2025-02-02,236.56428249999985,180.4597
LIDL,2025-02-03,181.3305649999999,166.51499999999993
LIDL,2025-02-04,149.42177749999993,104.51029999999996
LIDL,2025-02-05,175.2955549999999,255.6897999999997
LIDL,2025-02-06,216.74954444444427,232.32829999999964
LIDL,2025-02-07,177.92546499999992,191.1506999999997
LIDL,2025-02-08,158.9050749999999,188.06499999999983
LIDL,2025-02-09,236.56428249999985,202.98999999999987
LIDL,2025-02-10,181.3305649999999,133.78529999999995
LIDL,2025-02-11,149.42177749999993,108.55040000000004
LIDL,2025-02-12,175.2955549999999,223.2037999999997
LIDL,2025-02-13,216.74954444444427,223.32589999999996
LIDL,2025-02-14,177.92546499999992,153.81659999999997
LIDL,2025-02-15,158.9050749999999,172.50439999999986
LIDL,2025-02-16,236.56428249999985,169.63499999999982
LIDL,2025-02-17,181.3305649999999,129.81019999999995
LIDL,2025-02-18,149.42177749999993,111.67719999999991
LIDL,2025-02-19,175.2955549999999,231.3365999999999
LIDL,2025-02-20,216.74954444444427,226.18259999999933
LIDL,2025-02-21,177.92546499999992,204.9347999999997
LIDL,2025-02-22,158.9050749999999,182.1487
LIDL,2025-02-23,236.56428249999985,190.8846
LIDL,2025-02-24,181.3305649999999,148.26310000000004
LIDL,2025-02-25,149.42177749999993,104.67810000000004
LIDL,2025-02-26,175.2955549999999,266.3932999999996
LIDL,2025-02-27,216.74954444444427,235.5411999999997
LIDL,2025-02-28,177.92546499999992,197.95850000000007
LIDL,2025-03-01,129.0940444444444,177.66379999999998
LIDL,2025-03-02,185.24326666666656,206.70569999999975
LIDL,2025-03-03,164.32423749999987,160.10247999999982
LIDL,2025-03-04,156.8036474999999,77.05606000000002
LIDL,2025-03-05,154.76037999999997,248.8054999999995
LIDL,2025-03-06,165.71556444444434,271.5735999999996
LIDL,2025-03-07,139.78391999999994,255.7350999999997
LIDL,2025-03-08,129.0940444444444,172.12821999999983
LIDL,2025-03-09,185.24326666666656,210.47483999999977
LIDL,2025-03-10,164.32423749999987,182.72077999999985
LIDL,2025-03-11,156.8036474999999,80.75936000000002
LIDL,2025-03-12,154.76037999999997,225.2384199999997
LIDL,2025-03-13,165.71556444444434,264.73423999999966
LIDL,2025-03-14,139.78391999999994,219.0109999999998
LIDL,2025-03-15,129.0940444444444,151.54127999999994
LIDL,2025-03-16,185.24326666666656,228.62521999999967
LIDL,2025-03-17,164.32423749999987,191.77301999999983
LIDL,2025-03-18,156.8036474999999,99.45768000000002
LIDL,2025-03-19,154.76037999999997,220.96361999999976
LIDL,2025-03-20,165.71556444444434,265.77425999999963
LIDL,2025-03-21,139.78391999999994,231.9371799999998
LIDL,2025-03-22,129.0940444444444,205.79943999999983
LIDL,2025-03-23,185.24326666666656,258.70779999999974
LIDL,2025-03-24,164.32423749999987,214.42363999999972
LIDL,2025-03-25,156.8036474999999,81.70383999999999
LIDL,2025-03-26,154.76037999999997,194.62587999999988
LIDL,2025-03-27,165.71556444444434,234.95303999999973
LIDL,2025-03-28,139.78391999999994,228.04327999999956
LIDL,2025-03-29,129.0940444444444,213.04157999999956
LIDL,2025-03-30,185.24326666666656,223.85923999999983
LIDL,2025-03-31,164.32423749999987,176.36433999999983
LIDL,2025-04-01,137.43129999999996,82.10532000000002
LIDL,2025-04-02,165.51477499999982,205.00823999999983
LIDL,2025-04-03,163.02791249999987,240.44287999999997
LIDL,2025-04-04,145.0240374999999,192.90267999999995
LIDL,2025-04-05,132.53269999999995,183.99043999999995
LIDL,2025-04-06,169.40422222222213,221.06913999999963
LIDL,2025-04-07,187.8914888888888,157.03761999999998
LIDL,2025-04-08,137.43129999999996,74.62912000000001
LIDL,2025-04-09,165.51477499999982,191.86403999999968
LIDL,2025-04-10,163.02791249999987,282.4571799999997
LIDL,2025-04-11,145.0240374999999,234.6826399999997
LIDL,2025-04-12,132.53269999999995,171.40940000000006
LIDL,2025-04-13,169.40422222222213,213.9779599999997
LIDL,2025-04-14,187.8914888888888,200.3026199999997
LIDL,2025-04-15,137.43129999999996,86.40312000000002
LIDL,2025-04-16,165.51477499999982,213.64489999999984
LIDL,2025-04-17,163.02791249999987,223.81819999999985
LIDL,2025-04-18,145.0240374999999,285.6068999999997
LIDL,2025-04-19,132.53269999999995,54.27120000000001
LIDL,2025-04-20,169.40422222222213,140.00929999999988
LIDL,2025-04-21,187.8914888888888,173.83289999999997
LIDL,2025-04-22,137.43129999999996,127.83009999999986
LIDL,2025-04-23,165.51477499999982,167.45279999999997
LIDL,2025-04-24,163.02791249999987,187.3977
LIDL,2025-04-25,145.0240374999999,183.97649999999965
LIDL,2025-04-26,132.53269999999995,119.35059999999991
LIDL,2025-04-27,169.40422222222213,135.1877
LIDL,2025-04-28,187.8914888888888,104.80060000000002
LIDL,2025-04-29,137.43129999999996,51.77360000000001
LIDL,2025-04-30,165.51477499999982,115.88799999999996
LIDL,2025-05-01,163.07349999999985,147.38059999999993
LIDL,2025-05-02,137.06084444444437,113.77690000000004
LIDL,2025-05-03,137.78454999999985,148.41369999999992
LIDL,2025-05-04,146.62833749999987,146.07000000000002
LIDL,2025-05-05,152.0889222222221,134.37889999999993
LIDL,2025-05-06,113.38789999999996,160.43819999999988
LIDL,2025-05-07,139.1579799999999,95.71340000000004
LIDL,2025-05-08,163.07349999999985,138.16589999999985
LIDL,2025-05-09,137.06084444444437,37.265400000000014
LIDL,2025-05-10,137.78454999999985,112.3749
LIDL,2025-05-11,146.62833749999987,146.11539999999985
LIDL,2025-05-12,152.0889222222221,81.32170000000004
LIDL,2025-05-13,113.38789999999996,72.40580000000001
LIDL,2025-05-14,139.1579799999999,94.00600000000004
LIDL,2025-05-15,163.07349999999985,157.52939999999995
LIDL,2025-05-16,137.06084444444437,127.24189999999996
LIDL,2025-05-17,137.78454999999985,165.00759999999997
LIDL,2025-05-18,146.62833749999987,163.05729999999988
LIDL,2025-05-19,152.0889222222221,164.25589999999997
LIDL,2025-05-20,113.38789999999996,114.41419999999994
LIDL,2025-05-21,139.1579799999999,148.03119999999996
LIDL,2025-05-22,163.07349999999985,194.73129999999972
LIDL,2025-05-23,137.06084444444437,169.47509999999986
LIDL,2025-05-24,137.78454999999985,176.9083999999999
LIDL,2025-05-25,146.62833749999987,177.93489999999989
LIDL,2025-05-26,152.0889222222221,180.79791999999975
LIDL,2025-05-27,113.38789999999996,103.98844000000008
LIDL,2025-05-28,139.1579799999999,160.01194999999987
LIDL,2025-05-29,163.07349999999985,175.77291999999963
LIDL,2025-05-30,137.06084444444437,144.12913999999984
LIDL,2025-05-31,137.78454999999985,121.6647000000001
LIDL,2025-06-01,180.95146222222203,239.0377899999997
LIDL,2025-06-02,159.77043999999984,165.14642999999987
LIDL,2025-06-03,134.23945749999993,160.05985
LIDL,2025-06-04,152.61871999999985,179.4218699999999
LIDL,2025-06-05,194.3660377777776,198.64893999999995
LIDL,2025-06-06,170.08349555555543,182.39853999999997
LIDL,2025-06-07,158.94478888888872,154.48393999999985
LIDL,2025-06-08,180.95146222222203,217.62104999999988
LIDL,2025-06-09,159.77043999999984,177.4856499999999
LIDL,2025-06-10,134.23945749999993,117.55423000000005
LIDL,2025-06-11,152.61871999999985,191.9504299999997
LIDL,2025-06-12,194.3660377777776,220.94486999999967
LIDL,2025-06-13,170.08349555555543,178.5200899999998
LIDL,2025-06-14,158.94478888888872,119.73472
LIDL,2025-06-15,180.95146222222203,144.7121599999998
LIDL,2025-06-16,159.77043999999984,144.17103999999995
LIDL,2025-06-17,134.23945749999993,114.51248000000012
LIDL,2025-06-18,152.61871999999985,140.93849999999978
LIDL,2025-06-19,194.3660377777776,170.96125999999987
LIDL,2025-06-20,170.08349555555543,177.37747999999985
LIDL,2025-06-21,158.94478888888872,125.43193999999988
LIDL,2025-06-22,180.95146222222203,138.78537999999983
LIDL,2025-06-23,159.77043999999984,133.2657599999999
LIDL,2025-06-24,134.23945749999993,107.59624
LIDL,2025-06-25,152.61871999999985,152.0979399999997
LIDL,2025-06-26,194.3660377777776,181.2485199999998
LIDL,2025-06-27,170.08349555555543,177.35325999999978
LIDL,2025-06-28,158.94478888888872,115.97956000000002
LIDL,2025-06-29,180.95146222222203,147.05313999999996
LIDL,2025-06-30,159.77043999999984,121.51767999999998
LIDL,2025-07-01,146.51455555555543,130.44269999999997
LIDL,2025-07-02,193.7365888888887,230.5786999999996
LIDL,2025-07-03,242.5936249999997,214.22399999999965
LIDL,2025-07-04,235.3535749999996,169.76419999999993
LIDL,2025-07-05,187.5721999999998,193.64019999999985
LIDL,2025-07-06,236.4489666666664,177.36229999999972
LIDL,2025-07-07,218.40112999999968,166.71399999999983
LIDL,2025-07-08,146.51455555555543,150.4802999999999
LIDL,2025-07-09,193.7365888888887,272.25109999999944
LIDL,2025-07-10,242.5936249999997,198.6806999999996
LIDL,2025-07-11,235.3535749999996,157.95229999999992
LIDL,2025-07-12,187.5721999999998,146.63189999999992
LIDL,2025-07-13,236.4489666666664,169.29379999999966
LIDL,2025-07-14,218.40112999999968,136.6540999999999
LIDL,2025-07-15,146.51455555555543,133.78589999999988
LIDL,2025-07-16,193.7365888888887,233.67499999999973
LIDL,2025-07-17,242.5936249999997,210.56539999999967
LIDL,2025-07-18,235.3535749999996,164.3027999999998
LIDL,2025-07-19,187.5721999999998,154.9963999999999
LIDL,2025-07-20,236.4489666666664,175.95649999999983
LIDL,2025-07-21,218.40112999999968,164.6309999999999
LIDL,2025-07-22,146.51455555555543,145.611
LIDL,2025-07-23,193.7365888888887,230.76409999999996
LIDL,2025-07-24,242.5936249999997,213.92940000000004
LIDL,2025-07-25,235.3535749999996,174.8581999999999
LIDL,2025-07-26,187.5721999999998,169.72799999999972
LIDL,2025-07-27,236.4489666666664,230.91509999999977
LIDL,2025-07-28,218.40112999999968,189.87843999999976
LIDL,2025-07-29,146.51455555555543,168.98731999999967
LIDL,2025-07-30,193.7365888888887,256.3668199999996
LIDL,2025-07-31,242.5936249999997,240.95977999999965
LIDL,2025-08-01,211.36378888888868,240.99771999999984
LIDL,2025-08-02,187.19689999999972,186.38387999999983
LIDL,2025-08-03,211.56856249999976,254.79545999999985
LIDL,2025-08-04,197.45872499999976,220.4723699999999
LIDL,2025-08-05,114.27113333333332,193.6239699999999
LIDL,2025-08-06,169.0019666666665,289.9965499999996
LIDL,2025-08-07,238.05410999999972,268.6117999999998
LIDL,2025-08-08,211.36378888888868,202.44381999999973
LIDL,2025-08-09,187.19689999999972,188.72931999999983
LIDL,2025-08-10,211.56856249999976,256.96154
LIDL,2025-08-11,197.45872499999976,211.9293499999996
LIDL,2025-08-12,114.27113333333332,155.45393000000004
LIDL,2025-08-13,169.0019666666665,296.0188399999998
LIDL,2025-08-14,238.05410999999972,270.85538999999994
LIDL,2025-08-15,211.36378888888868,196.95564000000013
LIDL,2025-08-16,187.19689999999972,170.8874399999996
LIDL,2025-08-17,211.56856249999976,215.61956999999987
LIDL,2025-08-18,197.45872499999976,207.1116699999997
LIDL,2025-08-19,114.27113333333332,164.7842999999999
LIDL,2025-08-20,169.0019666666665,271.6487799999998
LIDL,2025-08-21,238.05410999999972,259.0393899999998
LIDL,2025-08-22,211.36378888888868,228.69650999999976
LIDL,2025-08-23,187.19689999999972,177.21619999999976
LIDL,2025-08-24,211.56856249999976,197.13901999999985
LIDL,2025-08-25,197.45872499999976,235.2195299999995
LIDL,2025-08-26,114.27113333333332,257.23062
LIDL,2025-08-27,169.0019666666665,306.3502999999999
LIDL,2025-08-28,238.05410999999972,273.32562999999965
LIDL,2025-08-29,211.36378888888868,260.33406999999977
LIDL,2025-08-30,187.19689999999972,202.3222399999999
LIDL,2025-08-31,211.56856249999976,261.1294900000001
LIDL,2025-09-01,185.1124833333332,122.47282999999986
LIDL,2025-09-02,129.05103874999995,95.24727
LIDL,2025-09-03,184.6433149999998,129.36395999999996
LIDL,2025-09-04,210.18415374999975,155.36817999999994
LIDL,2025-09-05,175.20311666666657,107.36082
LIDL,2025-09-06,161.37862777777772,89.13073000000004
LIDL,2025-09-07,213.68612222222205,111.98329000000004
LIDL,2025-09-08,185.1124833333332,134.63882999999993
LIDL,2025-09-09,129.05103874999995,121.95234999999995
LIDL,2025-09-10,184.6433149999998,171.2155899999999
LIDL,2025-09-11,210.18415374999975,199.34714999999989
LIDL,2025-09-12,175.20311666666657,139.14975000000004
LIDL,2025-09-13,161.37862777777772,100.09391
LIDL,2025-09-14,213.68612222222205,161.34498999999997
LIDL,2025-09-15,185.1124833333332,177.02689999999993
LIDL,2025-09-16,129.05103874999995,112.23496000000002
LIDL,2025-09-17,184.6433149999998,130.59599999999995
LIDL,2025-09-18,210.18415374999975,136.43664999999993
LIDL,2025-09-19,175.20311666666657,118.03467
LIDL,2025-09-20,161.37862777777772,83.83047000000002
LIDL,2025-09-21,213.68612222222205,152.40403000000003
LIDL,2025-09-22,185.1124833333332,110.30073
LIDL,2025-09-23,129.05103874999995,113.94895999999989
LIDL,2025-09-24,184.6433149999998,127.45204999999996
LIDL,2025-09-25,210.18415374999975,159.16986999999983
LIDL,2025-09-26,175.20311666666657,119.05913999999996
LIDL,2025-09-27,161.37862777777772,85.26288000000001
LIDL,2025-09-28,213.68612222222205,132.95193999999995
LIDL,2025-09-29,185.1124833333332,140.06250000000003
LIDL,2025-09-30,129.05103874999995,138.2677299999999
LIDL,2025-10-01,186.3367533333332,171.67362999999995
LIDL,2025-10-02,220.3351666666664,120.76737
LIDL,2025-10-03,175.21372499999987,100.97821999999998
LIDL,2025-10-04,155.66752749999986,114.9418599999999
LIDL,2025-10-05,236.6516888888887,148.57604999999998
LIDL,2025-10-06,175.28577999999985,136.83124999999984
LIDL,2025-10-07,138.84095799999994,124.33677000000004
LIDL,2025-10-08,186.3367533333332,171.90343999999993
LIDL,2025-10-09,220.3351666666664,125.6617
LIDL,2025-10-10,175.21372499999987,127.82307999999996
LIDL,2025-10-11,155.66752749999986,105.12130000000003
LIDL,2025-10-12,236.6516888888887,150.17421999999988
LIDL,2025-10-13,175.28577999999985,117.93504000000004
LIDL,2025-10-14,138.84095799999994,103.84269000000002
LIDL,2025-10-15,186.3367533333332,153.32085999999984
LIDL,2025-10-16,220.3351666666664,120.50340999999996
LIDL,2025-10-17,175.21372499999987,104.85121
LIDL,2025-10-18,155.66752749999986,89.83892999999999
LIDL,2025-10-19,236.6516888888887,132.6452699999999
LIDL,2025-10-20,175.28577999999985,128.09381000000008
LIDL,2025-10-21,138.84095799999994,94.97054000000004
LIDL,2025-10-22,186.3367533333332,140.8955999999999
LIDL,2025-10-23,220.3351666666664,118.83231000000004
LIDL,2025-10-24,175.21372499999987,110.55635000000004
LIDL,2025-10-25,155.66752749999986,94.90683
LIDL,2025-10-26,236.6516888888887,127.3140199999999
LIDL,2025-10-27,175.28577999999985,151.82141
LIDL,2025-10-28,138.84095799999994,104.66873
LIDL,2025-10-29,186.3367533333332,159.8834800000001
LIDL,2025-10-30,220.3351666666664,154.93994000000004
LIDL,2025-10-31,175.21372499999987,113.12471000000002
LIDL,2025-11-01,206.9115444444443,213.0815799999999
LIDL,2025-11-02,280.5510574999998,230.08025999999995
LIDL,2025-11-03,221.3300624999998,178.7456499999998
LIDL,2025-11-04,175.07886249999993,151.31898999999993
LIDL,2025-11-05,243.72721999999985,179.76074000000003
LIDL,2025-11-06,260.50709999999987,172.81543999999997
LIDL,2025-11-07,227.85844888888877,119.35752999999994
LIDL,2025-11-08,206.9115444444443,162.91849999999994
LIDL,2025-11-09,280.5510574999998,190.06984
LIDL,2025-11-10,221.3300624999998,162.3026399999998
LIDL,2025-11-11,175.07886249999993,167.22484999999995
LIDL,2025-11-12,243.72721999999985,183.7020399999999
LIDL,2025-11-13,260.50709999999987,191.3890999999999
LIDL,2025-11-14,227.85844888888877,150.66634999999997
LIDL,2025-11-15,206.9115444444443,147.35396999999992
LIDL,2025-11-16,280.5510574999998,199.82465999999985
LIDL,2025-11-17,221.3300624999998,195.33710999999985
LIDL,2025-11-18,175.07886249999993,132.43574999999987
LIDL,2025-11-19,243.72721999999985,167.89294999999987
LIDL,2025-11-20,260.50709999999987,196.94128999999995
LIDL,2025-11-21,227.85844888888877,125.4846
LIDL,2025-11-22,206.9115444444443,150.54237
LIDL,2025-11-23,280.5510574999998,224.31359999999992
LIDL,2025-11-24,221.3300624999998,182.63099999999997
LIDL,2025-11-25,175.07886249999993,163.33649999999983
LIDL,2025-11-26,243.72721999999985,240.2600999999998
LIDL,2025-11-27,260.50709999999987,204.4008
LIDL,2025-11-28,227.85844888888877,126.9123
LIDL,2025-11-29,206.9115444444443,170.02609999999993
LIDL,2025-11-30,280.5510574999998,188.67403
LIDL,2025-12-01,184.93102222222208,156.8397799999999
LIDL,2025-12-02,182.662071111111,148.5872600000001
LIDL,2025-12-03,256.6494237499998,184.08501999999996
LIDL,2025-12-04,274.84361749999965,171.19373999999996
LIDL,2025-12-05,249.15379888888867,97.42203
LIDL,2025-12-06,236.06035555555547,128.72078000000005
LIDL,2025-12-07,246.9786479999998,215.75280999999973
LIDL,2025-12-08,184.93102222222208,188.2487999999999
LIDL,2025-12-09,182.662071111111,201.06377999999995
LIDL,2025-12-10,256.6494237499998,173.43388999999988
LIDL,2025-12-11,274.84361749999965,177.0897299999999
LIDL,2025-12-12,249.15379888888867,108.07612000000002
LIDL,2025-12-13,236.06035555555547,159.64897
LIDL,2025-12-14,246.9786479999998,266.02399
LIDL,2025-12-15,184.93102222222208,252.9384699999997
LIDL,2025-12-16,182.662071111111,267.04925
LIDL,2025-12-17,256.6494237499998,219.7057800000001
LIDL,2025-12-18,274.84361749999965,226.64706999999996
LIDL,2025-12-19,249.15379888888867,237.90302
LIDL,2025-12-20,236.06035555555547,251.54186
LIDL,2025-12-21,246.9786479999998,299.69197999999966
LIDL,2025-12-22,184.93102222222208,327.73858
LIDL,2025-12-23,182.662071111111,332.7642400000002
LIDL,2025-12-24,256.6494237499998,15.600000000000003
LIDL,2025-12-25,274.84361749999965,217.75551999999988
LIDL,2025-12-26,249.15379888888867,156.5144399999999
LIDL,2025-12-27,236.06035555555547,232.56393999999992
LIDL,2025-12-28,246.9786479999998,299.41890999999976
LIDL,2025-12-29,184.93102222222208,198.97651999999985
LIDL,2025-12-30,182.662071111111,193.0132
LIDL,2025-12-31,256.6494237499998,197.54893999999985
TESCO,2025-01-02,136.77366937499997,127.21336500000018
TESCO,2025-01-03,139.63795374999998,133.48583499999998
TESCO,2025-01-04,121.64091687500002,137.32265999999987
TESCO,2025-01-05,103.15928250000002,166.28021499999997
TESCO,2025-01-06,71.92530500000001,118.51835999999992
TESCO,2025-01-07,50.22731500000002,83.72189999999996
TESCO,2025-01-08,153.79411444444443,195.09139499999984
TESCO,2025-01-09,136.77366937499997,203.09153999999955
TESCO,2025-01-10,139.63795374999998,187.95427
TESCO,2025-01-11,121.64091687500002,235.57428
TESCO,2025-01-12,103.15928250000002,251.1150250000001
TESCO,2025-01-13,71.92530500000001,66.5664
TESCO,2025-01-14,50.22731500000002,62.9945
TESCO,2025-01-15,153.79411444444443,182.24573
TESCO,2025-01-16,136.77366937499997,208.48256999999992
TESCO,2025-01-17,139.63795374999998,200.9039850000001
TESCO,2025-01-18,121.64091687500002,252.19514999999984
TESCO,2025-01-19,103.15928250000002,317.29805499999986
TESCO,2025-01-20,71.92530500000001,102.83223999999996
TESCO,2025-01-21,50.22731500000002,87.16071999999997
TESCO,2025-01-22,153.79411444444443,188.5374599999999
TESCO,2025-01-23,136.77366937499997,163.29656999999995
TESCO,2025-01-24,139.63795374999998,211.99232499999988
TESCO,2025-01-25,121.64091687500002,263.04644
TESCO,2025-01-26,103.15928250000002,321.93696499999976
TESCO,2025-01-27,71.92530500000001,60.80507999999999
TESCO,2025-01-28,50.22731500000002,49.06231999999999
TESCO,2025-01-29,153.79411444444443,155.04605499999982
TESCO,2025-01-30,136.77366937499997,123.11274499999988
TESCO,2025-01-31,139.63795374999998,130.57928500000008
TESCO,2025-02-01,126.32199,54.979680000000045
TESCO,2025-02-02,109.502176875,80.71611999999998
TESCO,2025-02-05,135.98732124999995,62.17976
TESCO,2025-02-06,154.2623611111111,77.7606
TESCO,2025-02-07,136.64340124999998,82.31043999999997
TESCO,2025-02-08,126.32199,84.65867999999998
TESCO,2025-02-09,109.502176875,105.03231999999994
TESCO,2025-02-12,135.98732124999995,98.97571000000003
TESCO,2025-02-13,154.2623611111111,118.94122
TESCO,2025-02-14,136.64340124999998,120.89777
TESCO,2025-02-15,126.32199,128.4444
TESCO,2025-02-16,109.502176875,165.4777
TESCO,2025-02-17,54.62335062499999,81.93195000000003
TESCO,2025-02-18,62.079781875,61.559010000000015
TESCO,2025-02-19,135.98732124999995,86.00191999999997
TESCO,2025-02-20,154.2623611111111,112.10459999999996
TESCO,2025-02-21,136.64340124999998,110.30566000000002
TESCO,2025-02-22,126.32199,145.17853000000008
TESCO,2025-02-23,109.502176875,165.84537999999992
TESCO,2025-02-24,54.62335062499999,52.87293
TESCO,2025-02-25,62.079781875,69.49655999999997
TESCO,2025-02-26,135.98732124999995,113.36865
TESCO,2025-02-27,154.2623611111111,125.16772999999996
TESCO,2025-02-28,136.64340124999998,94.51287
TESCO,2025-03-01,91.13117722222222,114.78897999999988
TESCO,2025-03-02,88.45041125000002,142.95106
TESCO,2025-03-03,53.86825083333333,33.61203000000001
TESCO,2025-03-04,64.83335928571428,53.59031999999999
TESCO,2025-03-05,123.14787444444444,77.28754999999998
TESCO,2025-03-06,124.85667388888886,67.92029999999998
TESCO,2025-03-07,119.12349350000002,54.554369999999984
TESCO,2025-03-08,91.13117722222222,76.47109
TESCO,2025-03-09,88.45041125000002,93.90049999999998
TESCO,2025-03-10,53.86825083333333,25.51572000000001
TESCO,2025-03-11,64.83335928571428,31.694940000000017
TESCO,2025-03-12,123.14787444444444,80.44837
TESCO,2025-03-13,124.85667388888886,96.03123999999995
TESCO,2025-03-14,119.12349350000002,71.83812999999999
TESCO,2025-03-15,91.13117722222222,93.01891000000003
TESCO,2025-03-16,88.45041125000002,115.59844
TESCO,2025-03-17,53.86825083333333,58.78664999999999
TESCO,2025-03-18,64.83335928571428,27.412740000000003
TESCO,2025-03-19,123.14787444444444,76.27396999999998
TESCO,2025-03-20,124.85667388888886,86.41673999999995
TESCO,2025-03-21,119.12349350000002,78.33977
TESCO,2025-03-22,91.13117722222222,84.21396000000001
TESCO,2025-03-23,88.45041125000002,94.9223
TESCO,2025-03-24,53.86825083333333,31.710600000000017
TESCO,2025-03-25,64.83335928571428,41.381999999999984
TESCO,2025-03-26,123.14787444444444,82.69829000000001
TESCO,2025-03-27,124.85667388888886,70.46063999999998
TESCO,2025-03-28,119.12349350000002,71.75374000000002
TESCO,2025-03-29,91.13117722222222,76.83704000000002
TESCO,2025-03-30,88.45041125000002,112.52568000000014
TESCO,2025-03-31,53.86825083333333,33.28677000000002
TESCO,2025-04-01,44.45139833333332,40.5293
TESCO,2025-04-02,115.1850075,107.09487500000004
TESCO,2025-04-03,105.88199999999998,75.815745
TESCO,2025-04-04,85.25103749999997,75.97406000000001
TESCO,2025-04-05,76.14577500000001,73.48675499999992
TESCO,2025-04-06,68.05896625000003,143.04471
TESCO,2025-04-07,35.43235000000001,36.97661
TESCO,2025-04-08,44.45139833333332,4.6
TESCO,2025-04-09,115.1850075,83.48761999999998
TESCO,2025-04-10,105.88199999999998,60.67676999999997
TESCO,2025-04-11,85.25103749999997,58.01438999999999
TESCO,2025-04-12,76.14577500000001,51.13865499999996
TESCO,2025-04-13,68.05896625000003,86.80020999999998
TESCO,2025-04-14,35.43235000000001,3.9
TESCO,2025-04-15,44.45139833333332,2.5
TESCO,2025-04-16,115.1850075,79.26675
TESCO,2025-04-17,105.88199999999998,75.24516499999999
TESCO,2025-04-18,85.25103749999997,91.71500999999996
TESCO,2025-04-19,76.14577500000001,50.856995000000005
TESCO,2025-04-20,68.05896625000003,98.33725999999994
TESCO,2025-04-21,35.43235000000001,23.8919
TESCO,2025-04-22,44.45139833333332,17.173100000000005
TESCO,2025-04-23,115.1850075,69.28204499999995
TESCO,2025-04-24,105.88199999999998,58.27811999999999
TESCO,2025-04-25,85.25103749999997,74.88730000000001
TESCO,2025-04-26,76.14577500000001,48.45130499999999
TESCO,2025-04-27,68.05896625000003,77.48138000000002
TESCO,2025-04-28,35.43235000000001,8.749039999999999
TESCO,2025-04-29,44.45139833333332,15.027399999999988
TESCO,2025-04-30,115.1850075,79.39456
TESCO,2025-05-01,78.32052111111109,59.496704999999984
TESCO,2025-05-02,79.71007777777777,49.88997999999997
TESCO,2025-05-03,57.66692312499998,78.3992499999999
TESCO,2025-05-04,46.87935249999999,74.71917499999999
TESCO,2025-05-05,21.045413333333336,51.54874999999996
TESCO,2025-05-06,22.30226666666667,27.628195000000005
TESCO,2025-05-07,63.8215125,93.04820999999998
TESCO,2025-05-08,78.32052111111109,72.18608999999998
TESCO,2025-05-09,79.71007777777777,54.60874000000001
TESCO,2025-05-10,57.66692312499998,76.73637499999991
TESCO,2025-05-11,46.87935249999999,53.33935000000002
TESCO,2025-05-12,21.045413333333336,31.728235000000016
TESCO,2025-05-13,22.30226666666667,28.089815
TESCO,2025-05-14,63.8215125,55.24561499999996
TESCO,2025-05-15,78.32052111111109,56.31257000000001
TESCO,2025-05-16,79.71007777777777,68.357475
TESCO,2025-05-17,57.66692312499998,90.40674500000002
TESCO,2025-05-18,46.87935249999999,63.4693
TESCO,2025-05-19,21.045413333333336,48.610040000000005
TESCO,2025-05-20,22.30226666666667,20.5825
TESCO,2025-05-21,63.8215125,38.882795
TESCO,2025-05-22,78.32052111111109,55.67256499999996
TESCO,2025-05-23,79.71007777777777,59.47293500000003
TESCO,2025-05-24,57.66692312499998,80.985275
TESCO,2025-05-25,46.87935249999999,67.01895999999998
TESCO,2025-05-26,21.045413333333336,79.25638
TESCO,2025-05-27,22.30226666666667,21.83480000000001
TESCO,2025-05-28,63.8215125,51.11941499999998
TESCO,2025-05-29,78.32052111111109,55.45222000000001
TESCO,2025-05-30,79.71007777777777,55.64983499999999
TESCO,2025-05-31,57.66692312499998,56.852779999999946
TESCO,2025-06-01,69.99194888888887,59.81843
TESCO,2025-06-02,34.3872375,48.228805
TESCO,2025-06-03,42.0640875,20.75514500000001
TESCO,2025-06-04,87.63096499999997,36.22981500000004
TESCO,2025-06-05,90.13315333333328,41.85590499999999
TESCO,2025-06-06,80.63770444444441,55.103885000000005
TESCO,2025-06-07,64.610885,54.12450000000002
TESCO,2025-06-08,69.99194888888887,55.99584999999999
TESCO,2025-06-09,34.3872375,35.87145
TESCO,2025-06-10,42.0640875,13.085595000000003
TESCO,2025-06-11,87.63096499999997,83.67192000000007
TESCO,2025-06-12,90.13315333333328,72.11486
TESCO,2025-06-13,80.63770444444441,73.07983
TESCO,2025-06-14,64.610885,88.24571499999993
TESCO,2025-06-15,69.99194888888887,75.80123999999994
TESCO,2025-06-16,34.3872375,95.15651999999996
TESCO,2025-06-17,42.0640875,67.42241000000003
TESCO,2025-06-18,87.63096499999997,70.28828000000004
TESCO,2025-06-19,90.13315333333328,70.68795499999996
TESCO,2025-06-20,80.63770444444441,85.58679000000004
TESCO,2025-06-21,64.610885,88.60195499999992
TESCO,2025-06-22,69.99194888888887,80.86741500000002
TESCO,2025-06-23,34.3872375,80.61443000000004
TESCO,2025-06-24,42.0640875,69.60923499999996
TESCO,2025-06-25,87.63096499999997,73.81387999999998
TESCO,2025-06-26,90.13315333333328,79.68528000000002
TESCO,2025-06-27,80.63770444444441,86.51150000000001
TESCO,2025-06-28,64.610885,104.06014
TESCO,2025-06-29,69.99194888888887,81.77115999999998
TESCO,2025-06-30,34.3872375,80.81862000000002
TESCO,2025-07-01,44.383426666666665,127.80204000000012
TESCO,2025-07-02,115.8247044444444,179.79341000000028
TESCO,2025-07-03,117.065086875,163.45846999999983
TESCO,2025-07-04,118.15302499999991,173.10555999999994
TESCO,2025-07-05,107.53962388888884,175.35503999999997
TESCO,2025-07-06,100.72831944444438,185.86990999999992
TESCO,2025-07-07,44.505482,200.0241
TESCO,2025-07-08,44.383426666666665,113.50334999999994
TESCO,2025-07-09,115.8247044444444,121.96444000000002
TESCO,2025-07-10,117.065086875,103.58438000000004
TESCO,2025-07-11,118.15302499999991,113.63764000000008
TESCO,2025-07-12,107.53962388888884,145.84738999999993
TESCO,2025-07-13,100.72831944444438,129.66167000000004
TESCO,2025-07-14,44.505482,112.88852000000004
TESCO,2025-07-15,44.383426666666665,67.65396
TESCO,2025-07-16,115.8247044444444,111.17282000000002
TESCO,2025-07-17,117.065086875,109.80069999999996
TESCO,2025-07-18,118.15302499999991,121.96687999999996
TESCO,2025-07-19,107.53962388888884,136.65587000000002
TESCO,2025-07-20,100.72831944444438,126.18777
TESCO,2025-07-21,44.505482,128.24142000000006
TESCO,2025-07-22,44.383426666666665,77.83567000000001
TESCO,2025-07-23,115.8247044444444,111.67501999999992
TESCO,2025-07-24,117.065086875,107.1613
TESCO,2025-07-25,118.15302499999991,111.13128
TESCO,2025-07-26,107.53962388888884,149.55770999999982
TESCO,2025-07-27,100.72831944444438,143.9426
TESCO,2025-07-28,44.505482,139.59853000000004
TESCO,2025-07-29,44.383426666666665,71.31436999999995
TESCO,2025-07-30,115.8247044444444,104.87913000000002
TESCO,2025-07-31,117.065086875,111.19415
TESCO,2025-08-01,91.22073499999992,100.15800000000002
TESCO,2025-08-02,88.28241277777776,92.9504599999998
TESCO,2025-08-03,69.64001749999998,103.75095999999996
TESCO,2025-08-04,19.8845575,96.84603999999992
TESCO,2025-08-05,34.238681,49.27658000000002
TESCO,2025-08-06,97.04684888888886,84.9167
TESCO,2025-08-07,91.61946099999996,73.04491999999992
TESCO,2025-08-08,91.22073499999992,76.44995999999996
TESCO,2025-08-09,88.28241277777776,86.66827999999997
TESCO,2025-08-10,69.64001749999998,111.89960000000004
TESCO,2025-08-11,19.8845575,82.12699999999988
TESCO,2025-08-12,34.238681,37.94772
TESCO,2025-08-13,97.04684888888886,121.01416000000008
TESCO,2025-08-14,91.61946099999996,130.32429999999994
TESCO,2025-08-15,91.22073499999992,119.49170999999993
TESCO,2025-08-16,88.28241277777776,125.37972999999997
TESCO,2025-08-17,69.64001749999998,133.11806999999988
TESCO,2025-08-18,19.8845575,131.01038999999983
TESCO,2025-08-19,34.238681,64.15209000000002
TESCO,2025-08-20,97.04684888888886,97.03926999999992
TESCO,2025-08-21,91.61946099999996,114.52942000000004
TESCO,2025-08-22,91.22073499999992,120.67512999999998
TESCO,2025-08-23,88.28241277777776,111.3221100000001
TESCO,2025-08-24,69.64001749999998,113.16269999999987
TESCO,2025-08-25,19.8845575,104.02961999999997
TESCO,2025-08-26,34.238681,45.43167000000003
TESCO,2025-08-27,97.04684888888886,90.21925
TESCO,2025-08-28,91.61946099999996,91.94927
TESCO,2025-08-29,91.22073499999992,94.22020999999997
TESCO,2025-08-30,88.28241277777776,91.70398000000004
TESCO,2025-08-31,69.64001749999998,112.93999999999996
TESCO,2025-09-01,16.677814285714284,36.23463000000001
TESCO,2025-09-02,21.823293333333336,23.04765
TESCO,2025-09-03,74.86698999999999,53.48567
TESCO,2025-09-04,67.99568062499998,45.13554
TESCO,2025-09-05,70.51497388888887,39.41900999999999
TESCO,2025-09-06,65.98527055555553,55.417950000000026
TESCO,2025-09-07,40.560188333333336,49.62393
TESCO,2025-09-08,16.677814285714284,61.14222
TESCO,2025-09-09,21.823293333333336,19.97154
TESCO,2025-09-10,74.86698999999999,56.89353999999999
TESCO,2025-09-11,67.99568062499998,45.78686999999997
TESCO,2025-09-12,70.51497388888887,50.86413
TESCO,2025-09-13,65.98527055555553,42.919380000000025
TESCO,2025-09-14,40.560188333333336,57.10940999999997
TESCO,2025-09-15,16.677814285714284,63.31878000000004
TESCO,2025-09-16,21.823293333333336,16.72857
TESCO,2025-09-17,74.86698999999999,52.65722000000002
TESCO,2025-09-18,67.99568062499998,34.245090000000005
TESCO,2025-09-19,70.51497388888887,50.456430000000005
TESCO,2025-09-20,65.98527055555553,53.050680000000014
TESCO,2025-09-21,40.560188333333336,43.06724999999999
TESCO,2025-09-22,16.677814285714284,37.23164999999998
TESCO,2025-09-23,21.823293333333336,20.56437
TESCO,2025-09-24,74.86698999999999,46.14248000000002
TESCO,2025-09-25,67.99568062499998,35.84004
TESCO,2025-09-26,70.51497388888887,29.674720000000004
TESCO,2025-09-27,65.98527055555553,43.20747999999996
TESCO,2025-09-28,40.560188333333336,28.15648000000001
TESCO,2025-09-29,16.677814285714284,28.381
TESCO,2025-09-30,21.823293333333336,12.24284
TESCO,2025-10-01,83.7693472222222,59.53100000000002
TESCO,2025-10-02,90.5375916666666,34.62200000000001
TESCO,2025-10-03,79.70909874999997,36.92755999999999
TESCO,2025-10-04,73.39730374999999,24.566000000000003
TESCO,2025-10-05,59.723674285714274,54.61044
TESCO,2025-10-06,32.325736666666664,58.824
TESCO,2025-10-07,39.75032333333333,11.29776
TESCO,2025-10-08,83.7693472222222,84.71404999999997
TESCO,2025-10-09,90.5375916666666,84.52671999999998
TESCO,2025-10-10,79.70909874999997,69.80943999999998
TESCO,2025-10-11,73.39730374999999,80.97072999999992
TESCO,2025-10-12,59.723674285714274,107.84409999999995
TESCO,2025-10-13,32.325736666666664,86.04345000000004
TESCO,2025-10-14,39.75032333333333,50.08943
TESCO,2025-10-15,83.7693472222222,66.93661000000002
TESCO,2025-10-16,90.5375916666666,60.98603
TESCO,2025-10-17,79.70909874999997,70.04971
TESCO,2025-10-18,73.39730374999999,46.76487
TESCO,2025-10-19,59.723674285714274,80.09313000000009
TESCO,2025-10-20,32.325736666666664,90.7945
TESCO,2025-10-21,39.75032333333333,39.40698000000002
TESCO,2025-10-22,83.7693472222222,54.58126
TESCO,2025-10-23,90.5375916666666,62.40343000000006
TESCO,2025-10-24,79.70909874999997,76.72841
TESCO,2025-10-25,73.39730374999999,44.50535000000001
TESCO,2025-10-26,59.723674285714274,76.04253999999997
TESCO,2025-10-27,32.325736666666664,86.80585999999997
TESCO,2025-10-28,39.75032333333333,37.96986999999999
TESCO,2025-10-29,83.7693472222222,55.45468999999999
TESCO,2025-10-30,90.5375916666666,54.58618999999999
TESCO,2025-10-31,79.70909874999997,69.91937
TESCO,2025-11-01,119.829881111111,95.34054000000005
TESCO,2025-11-02,92.05104124999995,118.69602000000002
TESCO,2025-11-03,54.68407624999999,72.70711999999999
TESCO,2025-11-04,68.47375624999998,44.37078
TESCO,2025-11-05,139.99688777777772,83.95355000000002
TESCO,2025-11-06,126.15500555555552,82.36623
TESCO,2025-11-07,129.95039944444437,90.50213
TESCO,2025-11-08,119.829881111111,130.40009999999998
TESCO,2025-11-09,92.05104124999995,126.51818000000002
TESCO,2025-11-10,54.68407624999999,108.38910999999992
TESCO,2025-11-11,68.47375624999998,77.09736
TESCO,2025-11-12,139.99688777777772,102.80164
TESCO,2025-11-13,126.15500555555552,128.38963
TESCO,2025-11-14,129.95039944444437,114.04601999999994
TESCO,2025-11-15,119.829881111111,128.73633999999993
TESCO,2025-11-16,92.05104124999995,138.16508000000013
TESCO,2025-11-17,54.68407624999999,92.92047999999996
TESCO,2025-11-18,68.47375624999998,72.91067
TESCO,2025-11-19,139.99688777777772,97.28824999999996
TESCO,2025-11-20,126.15500555555552,90.94154000000002
TESCO,2025-11-21,129.95039944444437,92.98769
TESCO,2025-11-22,119.829881111111,118.26208999999992
TESCO,2025-11-23,92.05104124999995,120.41876999999997
TESCO,2025-11-24,54.68407624999999,91.66841
TESCO,2025-11-25,68.47375624999998,59.05919999999999
TESCO,2025-11-26,139.99688777777772,89.57222999999995
TESCO,2025-11-27,126.15500555555552,85.93566999999996
TESCO,2025-11-28,129.95039944444437,90.75650999999996
TESCO,2025-11-29,119.829881111111,88.20534
TESCO,2025-11-30,92.05104124999995,117.52169000000004
TESCO,2025-12-01,89.57917611111107,155.43071
TESCO,2025-12-02,71.2403311111111,69.51934000000001
TESCO,2025-12-03,121.39771999999996,111.92552999999998
TESCO,2025-12-04,133.80279875000002,136.50795000000016
TESCO,2025-12-05,134.79213333333328,126.81369000000004
TESCO,2025-12-06,153.61220944444435,117.20574000000003
TESCO,2025-12-07,98.94623999999996,171.71072999999996
TESCO,2025-12-08,89.57917611111107,141.85358999999997
TESCO,2025-12-09,71.2403311111111,79.95969000000002
TESCO,2025-12-10,121.39771999999996,119.50874999999994
TESCO,2025-12-11,133.80279875000002,135.8105400000001
TESCO,2025-12-12,134.79213333333328,136.05795000000006
TESCO,2025-12-13,153.61220944444435,88.54839000000001
TESCO,2025-12-14,98.94623999999996,102.46725000000008
TESCO,2025-12-15,89.57917611111107,102.36789000000005
TESCO,2025-12-16,71.2403311111111,39.32379
TESCO,2025-12-17,121.39771999999996,88.16120999999998
TESCO,2025-12-18,133.80279875000002,112.49972999999996
TESCO,2025-12-19,134.79213333333328,117.55719000000008
TESCO,2025-12-20,153.61220944444435,112.88889000000002
TESCO,2025-12-21,98.94623999999996,108.94149
TESCO,2025-12-22,89.57917611111107,126.9169199999999
TESCO,2025-12-23,71.2403311111111,42.573060000000005
TESCO,2025-12-24,121.39771999999996,24.310529999999996
TESCO,2025-12-25,133.80279875000002,51.66837000000003
TESCO,2025-12-26,134.79213333333328,110.93535000000004
TESCO,2025-12-27,153.61220944444435,77.47596
TESCO,2025-12-28,98.94623999999996,67.30839
TESCO,2025-12-29,89.57917611111107,58.06899
TESCO,2025-12-30,71.2403311111111,42.61717999999999
TESCO,2025-12-31,121.39771999999996,60.86282999999999
